grid_id,target_temp,ndvi,ndbi,albedo,ndwi,elevation,bldg_area_sqm,road_length_m
0,47614.0,0.059961915016174316,0.04251061752438545,0.14111052453517914,-0.0881672352552414,921.0,1755.6371185783678,484.0822426202294
1,47632.0,0.08138616383075714,0.037766169756650925,0.15358255803585052,-0.10381380468606949,922.0,1821.205344872965,633.3116144215329
2,47525.0,0.1204625740647316,0.03799213841557503,0.131321981549263,-0.13578638434410095,924.0,2958.1096320890965,191.2344928809234
3,47419.0,0.08473820984363556,0.03143236041069031,0.15781839191913605,-0.1084044799208641,925.0,2482.2871373429693,804.0551377096614
4,47099.0,0.22555996477603912,-0.06977048516273499,0.14696672558784485,-0.23448406159877777,924.0,2284.159472313167,2.7972256277890315
5,47186.0,0.08175582438707352,0.07529696077108383,0.2416640818119049,-0.1428571492433548,926.0,2040.7285864305784,0.0
6,47160.0,0.12346241623163223,0.05871126428246498,0.2515389621257782,-0.18700361251831055,923.0,494.0464088308032,265.78616542214206
7,47092.0,0.21461114287376404,-0.05674548074603081,0.12668201327323914,-0.21330192685127258,922.0,890.5972296739232,708.3785350679898
8,47331.0,0.21100571751594543,-0.0380718857049942,0.15302227437496185,-0.2117810994386673,925.0,2267.379825630662,1033.3228406762078
9,47155.0,0.21629947423934937,-0.08857402205467224,0.1351454108953476,-0.2046499103307724,923.0,2040.1244393274142,141.64485664454764
10,47502.0,0.142224982380867,-0.05228150635957718,0.13127346336841583,-0.17394079267978668,925.0,4440.256238739139,0.0
11,47669.0,0.20306631922721863,-0.08113562315702438,0.13610751926898956,-0.20000000298023224,924.0,953.507805623181,251.42564669275328
12,48548.0,0.1948440670967102,-0.005264964886009693,0.18551182746887207,-0.22100579738616943,919.0,153.96008999873163,213.64447570026658
13,49671.0,0.11149441450834274,0.06069616973400116,0.18781346082687378,-0.14572221040725708,925.0,3373.0039134721937,283.4396759105862
14,49315.0,0.11731135100126266,0.052259087562561035,0.19661033153533936,-0.1562877744436264,924.0,1008.4046149171563,189.30365183845728
15,48705.0,0.15629516541957855,0.00019228304154239595,0.15521788597106934,-0.17835021018981934,925.0,2450.990740338536,448.44748498485757
16,47929.0,0.1038617268204689,0.00648190313950181,0.1386110931634903,-0.1354663074016571,925.0,3899.7055041525205,524.3592346678972
17,48000.0,0.09526624530553818,-0.007067009806632996,0.13251648843288422,-0.11187580227851868,925.0,3443.6024509120225,693.2265784445243
18,47922.0,0.1377444565296173,-0.03680309280753136,0.16358953714370728,-0.16641287505626678,921.0,2730.854202182134,526.3501748718354
19,47729.0,0.21129633486270905,-0.06509570777416229,0.169561967253685,-0.2199631631374359,924.0,1993.1798006304962,915.7736989389276
20,47185.0,0.22490207850933075,-0.08241037279367447,0.11718659102916718,-0.20826385915279388,924.0,1815.0612966106773,410.3486273628679
21,47013.0,0.17342430353164673,-0.033950407058000565,0.13787533342838287,-0.19378499686717987,928.0,1856.954323221362,329.4536506198628
22,46765.0,0.1637665033340454,-0.06630166620016098,0.18598003685474396,-0.19282540678977966,931.0,2183.9993998646205,551.7342696748399
23,46926.0,0.22028550505638123,-0.0706155076622963,0.12946806848049164,-0.22014115750789642,933.0,1778.6451236703106,253.089173980836
24,46853.0,0.23888935148715973,-0.09636954218149185,0.11164984852075577,-0.21488143503665924,929.0,738.7400364181169,213.10176166863738
25,47405.0,0.15765301883220673,-0.04784088954329491,0.12780876457691193,-0.16964678466320038,925.0,2717.820692814541,585.7776384648307
26,47584.0,0.13904008269309998,-0.042427197098731995,0.13944211602210999,-0.15348443388938904,920.0,3673.662119626634,457.21206061025254
27,47447.0,0.1685333102941513,-0.061605777591466904,0.13625410199165344,-0.1859869658946991,918.0,2798.796649086101,697.0298606048441
28,47854.0,0.15149135887622833,-0.01903306506574154,0.13359583914279938,-0.16962328553199768,917.0,3973.4817866811613,413.79049009652476
29,48022.0,0.09741444885730743,0.020165670663118362,0.14571700990200043,-0.12203086912631989,911.0,2744.208118976361,1138.3723138519222
30,48174.0,0.12819910049438477,0.0009356482187286019,0.13808667659759521,-0.13831089437007904,912.0,3788.873633742013,752.9851486483192
31,47755.0,0.12129460275173187,-0.014780320227146149,0.15022200345993042,-0.14564363658428192,914.0,5044.078081787417,424.0177710299224
32,47830.0,0.10168718546628952,0.01303829811513424,0.1485186368227005,-0.12263310700654984,919.0,4558.318117127996,691.4356408921276
33,47848.0,0.08358456194400787,0.011923989281058311,0.1485968381166458,-0.10622090846300125,919.0,2502.549074638369,82.303706586473
34,47704.0,0.06356149166822433,0.03375935181975365,0.13705173134803772,-0.08848201483488083,921.0,1440.5169712552754,767.6147097981353
35,47345.0,0.05229843035340309,0.036641813814640045,0.14165276288986206,-0.08302216231822968,922.0,2301.7318001056437,713.6849417489099
36,46952.0,0.17422232031822205,-0.031549789011478424,0.14082558453083038,-0.19237826764583588,928.0,3986.031843709693,662.7493586229937
37,46693.0,0.2689341902732849,-0.1411876529455185,0.12803025543689728,-0.25542131066322327,926.0,863.1913232620136,1328.1866212425402
38,46567.0,0.2497883141040802,-0.11108721047639847,0.12246216088533401,-0.22702981531620026,926.0,810.9262820787616,531.3167216580307
39,46988.0,0.18048077821731567,-0.036142174154520035,0.14396274089813232,-0.1969551295042038,925.0,3159.7517106434075,226.83885443290959
40,47271.0,0.17657135426998138,-0.04844982549548149,0.12030841410160065,-0.17145873606204987,925.0,379.6460175892157,857.2741459351506
41,46909.0,0.21040724217891693,-0.06537114828824997,0.1336272954940796,-0.21992450952529907,922.0,905.3298752153355,352.9392832803461
42,47434.0,0.3046249747276306,-0.11454208195209503,0.16051669418811798,-0.2870975732803345,921.0,4684.920607961156,562.5043448453705
43,47727.0,0.22965487837791443,0.07675082236528397,0.20537510514259338,-0.2209843397140503,921.0,3195.459150463898,1101.6647624763236
44,47651.0,0.20427235960960388,-0.07289719581604004,0.14240752160549164,-0.21194671094417572,929.0,1405.2581259903757,734.5721157518861
45,47830.0,0.23333333432674408,-0.07761164754629135,0.1505046784877777,-0.24107275903224945,925.0,842.3049488973709,289.62864426949784
46,48373.0,0.19693006575107574,-0.001526277861557901,0.18211230635643005,-0.22362957894802094,917.0,0.0,480.6999481052425
47,49276.0,0.13522711396217346,0.07655367255210876,0.18951846659183502,-0.171180859208107,923.0,0.0,629.692418373477
48,49112.0,0.12633481621742249,0.042029958218336105,0.19958214461803436,-0.172527015209198,924.0,0.0,481.99929905027176
49,48938.0,0.14599697291851044,0.028409091755747795,0.17040012776851654,-0.15944881737232208,928.0,2256.7378010332736,495.8089223224069
50,48104.0,0.17400188744068146,-0.06407379359006882,0.13044129312038422,-0.18283316493034363,929.0,1754.7147699922411,549.1975941762311
51,47866.0,0.2682669460773468,-0.12788203358650208,0.14022503793239594,-0.2643125355243683,930.0,1793.7086338419397,1139.155739288853
52,47768.0,0.1031322181224823,0.0310618057847023,0.1652427315711975,-0.13909900188446045,921.0,4529.394172120404,582.1987882824519
53,47828.0,0.11420104652643204,0.007445512339472771,0.14629621803760529,-0.14112290740013123,923.0,4940.038455316508,390.5024274937044
54,47226.0,0.08962586522102356,0.02415427751839161,0.16468247771263123,-0.12227867543697357,929.0,3557.330418836441,838.6737644329418
55,46881.0,0.13665270805358887,-0.008116659708321095,0.1385653167963028,-0.15451572835445404,930.0,1063.1679664013147,1230.8197196005656
56,46516.0,0.2786885201931,-0.12009389698505402,0.12748239934444427,-0.26163536310195923,932.0,504.79312409049237,225.19890191496313
57,46286.0,0.2210008203983307,-0.09188277274370193,0.115920789539814,-0.21121373772621155,935.0,1318.994968318917,294.73437305560265
58,46460.0,0.1782809942960739,-0.06724663078784943,0.16780579090118408,-0.1827586144208908,942.0,1165.5561054051002,212.56844110861599
59,47148.0,0.1687919646501541,-0.05802397429943085,0.14406204223632812,-0.1775885671377182,931.0,2527.1091130612876,319.79160978206073
60,47465.0,0.18854902684688568,-0.06493324041366577,0.13136515021324158,-0.19065016508102417,925.0,1509.7662214297222,669.2408280764848
61,47489.0,0.20071199536323547,-0.07270024716854095,0.13415449857711792,-0.20969942212104797,925.0,4534.470315017407,375.2550522936808
62,47685.0,0.0935579463839531,0.015940142795443535,0.16161751747131348,-0.12307406961917877,922.0,4115.553716762057,579.4203727879898
63,47655.0,0.11749138683080673,-0.015048240311443806,0.15633033215999603,-0.14382189512252808,920.0,3971.4684124276805,671.8008704526999
64,47564.0,0.16908212006092072,-0.04172457009553909,0.14203424751758575,-0.1856338232755661,920.0,3874.182899470281,1058.4715947185164
65,47429.0,0.1379157453775406,-0.025101538747549057,0.15415170788764954,-0.15468557178974152,916.0,3202.735725021129,1141.6831443631202
66,47688.0,0.1205144003033638,0.0035267933271825314,0.14479325711727142,-0.13879866898059845,917.0,4148.186566974194,774.7172253208347
67,47615.0,0.1300096958875656,0.002329245675355196,0.14086513221263885,-0.14475494623184204,920.0,1246.271389330696,205.527448658383
68,47478.0,0.05702836066484451,0.032141976058483124,0.14219945669174194,-0.08187410980463028,924.0,2019.1075508508113,693.0998316681201
69,46940.0,0.10565544664859772,0.0038767738733440638,0.14257140457630157,-0.12770876288414001,924.0,5341.627858889824,839.2560723866558
70,46614.0,0.19415128231048584,-0.10583552718162537,0.1342913657426834,-0.19483910501003265,930.0,2357.5866230570564,1082.9563857094702
71,46638.0,0.14556169509887695,-0.03270578011870384,0.15164999663829803,-0.16775549948215485,929.0,1547.753551997957,906.1080590548717
72,46875.0,0.24685679376125336,-0.08307929337024689,0.17919257283210754,-0.2586503326892853,930.0,3248.207259183526,686.442439079965
73,47023.0,0.18522627651691437,-0.05220939964056015,0.12939515709877014,-0.1956026405096054,928.0,909.9353152473824,1222.5358971553655
74,46960.0,0.18227486312389374,-0.06056054309010506,0.1209782063961029,-0.1755533069372177,926.0,2261.214122396671,430.2120408631736
75,47038.0,0.2810884416103363,-0.146096333861351,0.13069571554660797,-0.26671022176742554,924.0,879.6073902906965,413.49759090945406
76,47102.0,0.24552612006664276,-0.11787381023168564,0.140262171626091,-0.24299733340740204,923.0,399.4159060230552,337.0566944841177
77,47445.0,0.21250048279762268,-0.08225196599960327,0.13883885741233826,-0.217098206281662,925.0,785.3629834547199,270.5447642702743
78,47379.0,0.1446177214384079,-0.02426903508603573,0.14436514675617218,-0.16798633337020874,928.0,826.941452349346,977.706154745876
79,47742.0,0.23190343379974365,-0.056337155401706696,0.16098880767822266,-0.24118846654891968,926.0,2525.8215064075425,253.70013376341706
80,48171.0,0.21474680304527283,-0.022875912487506866,0.17994068562984467,-0.23629848659038544,917.0,0.0,486.6992438676189
81,49069.0,0.14141520857810974,0.06331093609333038,0.1822780966758728,-0.17436456680297852,922.0,0.0,762.3380718947872
82,49157.0,0.15039081871509552,0.041721392422914505,0.19677595794200897,-0.18768399953842163,923.0,0.0,505.52026528832306
83,49218.0,0.12186922132968903,0.06047637760639191,0.19883304834365845,-0.14859050512313843,928.0,3222.906048611938,272.4325438109594
84,47791.0,0.12345191836357117,-0.02203085832297802,0.13158102333545685,-0.14082024991512299,928.0,1642.5972198787772,956.3971898191068
85,47247.0,0.3002815842628479,-0.1569833755493164,0.15621459484100342,-0.2964463531970978,927.0,1783.1084703280262,385.5910167963243
86,47286.0,0.16525359451770782,-0.008682546205818653,0.14805905520915985,-0.19177764654159546,926.0,3347.027573225294,758.93253824759
87,47235.0,0.1325201392173767,-0.01058218814432621,0.1483909785747528,-0.14659246802330017,926.0,3652.4579196814457,740.9307298799316
88,47297.0,0.14411267638206482,-0.026797451078891754,0.14440001547336578,-0.16959109902381897,930.0,3640.667167853646,568.7572922954437
89,46859.0,0.28701820969581604,-0.12015952914953232,0.1471083015203476,-0.27654582262039185,928.0,664.4648037504893,367.4197738044133
90,46416.0,0.3318416476249695,-0.11759438365697861,0.1734410524368286,-0.31375211477279663,930.0,0.0,621.6024165620174
91,46429.0,0.263062059879303,-0.1461101919412613,0.1230967789888382,-0.2489236742258072,937.0,206.4931419809209,788.6773701108763
92,46674.0,0.23545919358730316,-0.1136985793709755,0.13231579959392548,-0.23602938652038574,936.0,4275.882121648572,426.7615367561366
93,47169.0,0.23278415203094482,-0.09690109640359879,0.11147921532392502,-0.21330049633979797,932.0,1972.840999854512,699.9729795399242
94,47331.0,0.2746017575263977,-0.14737282693386078,0.13022594153881073,-0.2637768089771271,925.0,1880.3992977877115,376.98450220979555
95,47596.0,0.2677321434020996,-0.12371852248907089,0.1405153125524521,-0.2616404592990875,927.0,751.981405598923,432.2560136423644
96,47723.0,0.12250477820634842,0.007483939174562693,0.14751149713993073,-0.14615678787231445,926.0,3336.457776915699,817.8318312898618
97,47511.0,0.15397579967975616,-0.020333819091320038,0.14526662230491638,-0.17942044138908386,921.0,3430.8399564265906,556.8379028830585
98,47496.0,0.157222181558609,-0.03616427257657051,0.14131911098957062,-0.17459949851036072,924.0,3119.7336264969954,569.0849824984282
99,47426.0,0.11272446066141129,0.001213213661685586,0.1415429264307022,-0.1316916048526764,921.0,2299.926650726424,330.1899602649352
100,47312.0,0.1387805938720703,-0.02980300970375538,0.12460900843143463,-0.16600823402404785,921.0,2695.1508849218544,240.93302144862022
101,46672.0,0.27176761627197266,-0.11959028989076614,0.13438382744789124,-0.2643149793148041,922.0,623.9420202372496,0.0
102,47412.0,0.0569131076335907,0.02488565631210804,0.13684356212615967,-0.08282343298196793,922.0,5309.138154491241,309.3134735646731
103,46772.0,0.302543044090271,-0.14368678629398346,0.13763055205345154,-0.2856821119785309,926.0,1626.2858926705376,983.5222800243912
104,46806.0,0.1645713895559311,-0.0705631822347641,0.14160189032554626,-0.17187081277370453,930.0,2639.568871082398,416.52915634815946
105,46893.0,0.10516934096813202,0.026110025122761726,0.13457059860229492,-0.13340915739536285,932.0,4958.474664973745,448.6658567652556
106,47008.0,0.14401929080486298,-0.015918681398034096,0.16242320835590363,-0.16639752686023712,931.0,3837.2853507803475,1238.8966886035737
107,47067.0,0.16284959018230438,-0.011073695495724678,0.1527714729309082,-0.18870151042938232,930.0,3389.765424406422,211.73718885139093
108,47032.0,0.1472138613462448,-0.01797407492995262,0.15035779774188995,-0.16023151576519012,929.0,1900.145834268479,1114.307427720919
109,47084.0,0.17967303097248077,-0.044234540313482285,0.12742359936237335,-0.1806238442659378,930.0,1804.8716453340476,498.1737357892035
110,47075.0,0.2116522192955017,-0.06620556861162186,0.12229166179895401,-0.21327437460422516,931.0,1418.7492770266858,277.89637385814996
111,47383.0,0.2095370590686798,-0.05625151842832565,0.12985411286354065,-0.2145080268383026,930.0,374.0689598761247,996.9778290688796
112,47322.0,0.18509919941425323,-0.04593911021947861,0.15825329720973969,-0.20144149661064148,931.0,4046.891442306546,175.95135141012503
113,47540.0,0.14930257201194763,-0.02453102543950081,0.17943160235881805,-0.166171595454216,933.0,2665.5926510507434,0.0
114,47995.0,0.24493515491485596,-0.0556902177631855,0.1645689755678177,-0.2568357288837433,930.0,0.0,586.3396195908745
115,49004.0,0.1410091519355774,0.05823598802089691,0.1863083690404892,-0.17690099775791168,923.0,0.0,793.4923890668679
116,48834.0,0.15854865312576294,0.028229501098394394,0.1896684467792511,-0.18504294753074646,926.0,197.3386413096811,344.8900809845228
117,48698.0,0.16130968928337097,0.05221910774707794,0.2094467580318451,-0.16038112342357635,930.0,3301.9304850583158,833.9239162550612
118,47127.0,0.31087231636047363,-0.1679021418094635,0.14057350158691406,-0.2973192632198334,935.0,162.3505345547118,386.8416491533367
119,46563.0,0.3156995177268982,-0.16549840569496155,0.1426955610513687,-0.29600760340690613,933.0,1455.3622711273513,303.2470438038663
120,46764.0,0.25213199853897095,-0.09809839725494385,0.13767202198505402,-0.24626979231834412,925.0,2365.5013375050353,292.3392998701061
121,46794.0,0.22680768370628357,-0.07016077637672424,0.14104093611240387,-0.2198430299758911,927.0,1308.0988299537778,632.4665901811591
122,46936.0,0.33049529790878296,-0.10602443665266037,0.1813196986913681,-0.314638614654541,929.0,0.0,106.40826861690495
123,46610.0,0.3271164000034332,-0.11834302544593811,0.17073945701122284,-0.30892056226730347,928.0,0.0,0.0
124,46487.0,0.2630718946456909,-0.10462876409292221,0.16187112033367157,-0.2590468227863312,931.0,2033.240214866393,0.0
125,46466.0,0.29688650369644165,-0.08710330724716187,0.16977459192276,-0.28786560893058777,936.0,0.0,363.62635405741366
126,46477.0,0.33193832635879517,-0.08907607197761536,0.2012578845024109,-0.31966063380241394,936.0,110.76760250147444,957.8590518287434
127,46763.0,0.21047315001487732,-0.09037306904792786,0.12038788944482803,-0.20866617560386658,938.0,1696.2492629792052,654.5957882716424
128,47263.0,0.24735915660858154,-0.11726757884025574,0.1211891621351242,-0.23618049919605255,936.0,609.6658980458037,1072.9991038091498
129,47617.0,0.2532205879688263,-0.09756013005971909,0.12774871289730072,-0.24042710661888123,935.0,1329.3003626435986,407.5515426518911
130,47755.0,0.21010971069335938,-0.07270137965679169,0.1310812085866928,-0.2104891836643219,929.0,974.8163040832734,565.8475041403026
131,47618.0,0.1806134283542633,-0.024464931339025497,0.15233805775642395,-0.19542327523231506,925.0,3789.8049215489273,243.9241299481825
132,47635.0,0.1621118038892746,-0.04393918439745903,0.1351805031299591,-0.17432920634746552,923.0,3153.6679283059343,499.95473054490054
133,47509.0,0.09890023618936539,0.0070522865280508995,0.13294057548046112,-0.12502017617225647,921.0,4347.783039930404,427.6225028873997
134,47209.0,0.09648778289556503,0.007997156120836735,0.13542824983596802,-0.11742803454399109,921.0,1017.9757416487014,413.1149151368875
135,46504.0,0.3093161880970001,-0.16401468217372894,0.13325439393520355,-0.2888604402542114,923.0,472.07285397037356,0.0
136,47333.0,0.18364167213439941,-0.057558462023735046,0.13552062213420868,-0.1917647123336792,919.0,1968.8332416249693,814.2966664681417
137,47231.0,0.08159060031175613,0.007528801914304495,0.1452990472316742,-0.09835684299468994,919.0,2445.724850221382,730.2764975691463
138,47251.0,0.17337052524089813,0.0014990631025284529,0.16521522402763367,-0.1745775192975998,925.0,2424.5367604034664,342.1284975738104
139,47163.0,0.19081448018550873,-0.06147737428545952,0.14114992320537567,-0.19752848148345947,926.0,2885.53612266356,111.79203301088741
140,47114.0,0.13868694007396698,0.03720951825380325,0.26593998074531555,-0.20678283274173737,928.0,2363.560312846422,771.2779029721851
141,47423.0,0.14121077954769135,0.007946569472551346,0.168117493391037,-0.17429177463054657,928.0,2749.3404957818225,759.5949798705551
142,47313.0,0.17334097623825073,-0.025827482342720032,0.16402079164981842,-0.19874002039432526,928.0,3645.5721574682775,459.86458834873326
143,47075.0,0.24125495553016663,-0.08910264819860458,0.15907777845859528,-0.24268899857997894,930.0,1377.057972248108,760.5255533504585
144,47064.0,0.16229356825351715,-0.060096338391304016,0.11214792728424072,-0.16346396505832672,934.0,1022.1434660427715,1162.175422869641
145,47105.0,0.12645238637924194,-0.020710855722427368,0.11120305955410004,-0.13173142075538635,933.0,231.75875842955674,971.2728928829637
146,47277.0,0.20436987280845642,-0.051004424691200256,0.13365298509597778,-0.215179905295372,931.0,3403.5603729716895,109.14052276237787
147,47410.0,0.19631391763687134,-0.03550179675221443,0.14746391773223877,-0.20688867568969727,932.0,2301.428156076123,33.8645276390621
148,47790.0,0.21122199296951294,-0.07292014360427856,0.14838148653507233,-0.2096276730298996,932.0,824.701778844463,225.44628968357597
149,48189.0,0.17753662168979645,0.0013364923652261496,0.16892480850219727,-0.20313243567943573,931.0,0.0,733.3935043195221
150,48027.0,0.22289220988750458,-0.03518680855631828,0.16840988397598267,-0.2313717007637024,930.0,413.9226041782998,502.23463954381896
151,47601.0,0.23671646416187286,-0.0924055352807045,0.13579273223876953,-0.23538461327552795,937.0,844.5536108085823,1345.2295426685284
152,47163.0,0.19304266571998596,-0.05522403493523598,0.13666337728500366,-0.19174133241176605,933.0,1068.6004904594336,371.38763402371626
153,46483.0,0.27161920070648193,-0.13499484956264496,0.12275350093841553,-0.25699886679649353,934.0,1262.796712143774,192.48737724977423
154,46407.0,0.2832278609275818,-0.1531762182712555,0.12295529246330261,-0.269220232963562,930.0,603.2402234474888,469.5581266592153
155,46457.0,0.24810147285461426,-0.10031694173812866,0.12222906947135925,-0.23651352524757385,930.0,737.949816914957,37.149753112491425
156,46342.0,0.3124848008155823,-0.11479952931404114,0.17132055759429932,-0.29593199491500854,934.0,0.0,0.0
157,46285.0,0.3330920934677124,-0.11031346023082733,0.18979737162590027,-0.32161378860473633,933.0,332.1903925971811,0.0
158,46238.0,0.3310815691947937,-0.11378691345453262,0.16701799631118774,-0.30992692708969116,934.0,0.0,0.0
159,46327.0,0.3041222393512726,-0.09702645987272263,0.15989945828914642,-0.2852729260921478,937.0,0.0,0.0
160,46298.0,0.30933845043182373,-0.10882830619812012,0.15783371031284332,-0.2919822633266449,938.0,0.0,0.0
161,46413.0,0.3240607976913452,-0.09528214484453201,0.17112205922603607,-0.3083324730396271,939.0,11.062178117508964,645.9784956005951
162,47174.0,0.229872465133667,-0.08216584473848343,0.13017641007900238,-0.2262745201587677,938.0,347.7696782210015,1387.1519719767687
163,47519.0,0.17045071721076965,-0.02422100119292736,0.14811402559280396,-0.19039829075336456,936.0,2641.2012692073686,303.7790361609874
164,47735.0,0.1939527988433838,-0.06447017937898636,0.11885086447000504,-0.1908790022134781,932.0,371.7733880153697,539.0176907710022
165,47512.0,0.25673362612724304,-0.14083810150623322,0.12826275825500488,-0.24871407449245453,926.0,1395.5222836076632,928.5963732710302
166,47548.0,0.11838196218013763,-0.031064756214618683,0.11959696561098099,-0.1364181488752365,926.0,3482.873842574622,682.0098161675712
167,47440.0,0.08060114830732346,0.012174690142273903,0.12338423728942871,-0.10000000149011612,923.0,2943.0247413665334,776.0196965916028
168,46739.0,0.17390227317810059,-0.0722605437040329,0.11354555934667587,-0.17264407873153687,919.0,1641.1232135623586,473.30199318288186
169,46593.0,0.20467451214790344,-0.10167833417654037,0.11322840303182602,-0.19855891168117523,919.0,0.0,166.25920500720997
170,47272.0,0.2218625247478485,-0.0873643308877945,0.14560234546661377,-0.2249518781900406,922.0,2016.7024039647156,487.1586789602123
171,47713.0,0.15176379680633545,-0.016400543972849846,0.17181594669818878,-0.17960137128829956,919.0,1315.592586792663,422.73969036115204
172,47340.0,0.14841456711292267,-0.017791511490941048,0.15681830048561096,-0.16979439556598663,922.0,2416.861541667151,294.0983543523927
173,47160.0,0.1187656968832016,-0.009976677596569061,0.16381779313087463,-0.14602859318256378,926.0,2309.6852543550067,730.0870073909116
174,47065.0,0.2150123566389084,-0.04222894087433815,0.1591569036245346,-0.22772495448589325,926.0,1962.047613110523,800.3021279048941
175,47393.0,0.16175556182861328,-0.01812465861439705,0.15791906416416168,-0.1873106062412262,925.0,3621.242816033411,1078.985371540185
176,47314.0,0.2314438670873642,-0.08534499257802963,0.15997174382209778,-0.23682311177253723,926.0,4109.1449823032635,54.11643036184141
177,47233.0,0.1597861647605896,0.012985371984541416,0.15792296826839447,-0.18593880534172058,928.0,3129.841629015971,553.9870325052414
178,47148.0,0.16727574169635773,-0.04099848121404648,0.11665696650743484,-0.1655815839767456,934.0,1143.8068920528883,1119.3846050627571
179,47118.0,0.16461122035980225,-0.040948353707790375,0.1249115839600563,-0.17171798646450043,934.0,1082.465004869179,1109.3000754900522
180,47276.0,0.18261650204658508,-0.040014367550611496,0.12139277160167694,-0.18610462546348572,930.0,320.43629787286085,830.8682110355956
181,47209.0,0.22423924505710602,-0.08473452180624008,0.1442374289035797,-0.22953161597251892,933.0,1330.5353667060126,69.26553442481747
182,47313.0,0.1937960982322693,0.008868549950420856,0.15747973322868347,-0.1948862373828888,931.0,1912.9250736360104,249.63151100844073
183,47379.0,0.24366112053394318,-0.00981888361275196,0.1850118488073349,-0.24247148633003235,935.0,2266.522747176675,164.95939932658797
184,47549.0,0.1626090109348297,0.0011187578784301877,0.13537000119686127,-0.17484748363494873,936.0,533.9050193454298,377.37033992540574
185,47393.0,0.15599343180656433,-0.016166280955076218,0.12208060175180435,-0.16329987347126007,940.0,1358.2780471157796,906.7520434725743
186,47322.0,0.18879903852939606,-0.04352152720093727,0.1442030370235443,-0.20699842274188995,936.0,4566.52508539131,125.97104367769357
187,46884.0,0.2681616544723511,-0.13115949928760529,0.13059259951114655,-0.2574406564235687,936.0,883.2220532168158,262.06681817135063
188,46676.0,0.23337657749652863,-0.09016628563404083,0.12010478228330612,-0.2248842418193817,933.0,117.48467569825691,234.9947146161167
189,46548.0,0.2554897665977478,-0.07774954289197922,0.1516447216272354,-0.24157865345478058,933.0,0.0,0.0
190,46255.0,0.34556320309638977,-0.1101921796798706,0.1993182897567749,-0.331743448972702,934.0,0.0,0.0
191,46210.0,0.32371634244918823,-0.12084656208753586,0.16084501147270203,-0.3018682301044464,933.0,0.0,0.0
192,46290.0,0.34500452876091003,-0.1156424731016159,0.18365654349327087,-0.323520690202713,936.0,0.0,0.0
193,46516.0,0.3414102792739868,-0.09322284907102585,0.19197842478752136,-0.3216457962989807,940.0,0.0,0.0
194,46560.0,0.3126998841762543,-0.09596128016710281,0.18649764358997345,-0.3063890337944031,940.0,0.0,44.453067332052996
195,46694.0,0.23177504539489746,-0.07392781972885132,0.1310601532459259,-0.22181420028209686,939.0,0.0,336.56910790017
196,47681.0,0.1048300564289093,-0.01387178897857666,0.09610668569803238,-0.11044185608625412,937.0,0.0,1089.5493206105912
197,47874.0,0.15840397775173187,-0.06491492688655853,0.0955219492316246,-0.15023577213287354,938.0,516.4800738819838,636.5929072811
198,47679.0,0.14810910820960999,-0.024337032809853554,0.1101769208908081,-0.15698687732219696,932.0,0.0,763.3129579234094
199,47505.0,0.1200500950217247,0.012728098779916763,0.1577625721693039,-0.14381371438503265,927.0,2040.4212482289258,726.7476291518972
200,47389.0,0.17934824526309967,-0.04184901714324951,0.13672468066215515,-0.18655815720558167,925.0,717.5716127089061,877.4420277367776
201,46619.0,0.37659087777137756,-0.20867599546909332,0.1525973528623581,-0.349950909614563,923.0,0.0,21.99899543655276
202,46089.0,0.30102452635765076,-0.14904431998729706,0.13310843706130981,-0.28324881196022034,919.0,0.0,0.0
203,46340.0,0.239680215716362,-0.06533931940793991,0.12079635262489319,-0.2272653877735138,919.0,0.0,0.0
204,47449.0,0.11462077498435974,0.023785296827554703,0.1637061983346939,-0.14766354858875275,918.0,3440.581069831913,490.87926329823097
205,47600.0,0.11098165065050125,0.04282084107398987,0.1631583720445633,-0.14530235528945923,918.0,2920.037706281884,420.1209981353393
206,47476.0,0.06585606187582016,0.0543447770178318,0.1773858219385147,-0.11274167895317078,922.0,3734.073465723708,288.5647325650721
207,47299.0,0.10960204154253006,0.03612317889928818,0.16810721158981323,-0.12300927191972733,922.0,3113.9747792949665,550.4041142134465
208,46916.0,0.18994475901126862,-0.042351413518190384,0.1491938978433609,-0.21246694028377533,921.0,2547.370857146541,507.17311720358623
209,47190.0,0.24107444286346436,-0.08424428850412369,0.14370979368686676,-0.25138819217681885,922.0,2662.8580316189004,467.414884583444
210,47176.0,0.20662982761859894,-0.0801568552851677,0.1278277486562729,-0.2115064561367035,923.0,2371.2054037096195,430.8942554997126
211,47397.0,0.1056695207953453,0.009560618549585342,0.14934976398944855,-0.126084104180336,924.0,1873.4312592975316,1325.7710347609368
212,47230.0,0.20506852865219116,-0.0475945807993412,0.15633636713027954,-0.21575789153575897,924.0,2665.0599966537457,441.79723190848455
213,47351.0,0.2839425206184387,-0.12840019166469574,0.15282057225704193,-0.27711454033851624,927.0,3020.312361570781,298.62851770959907
214,46968.0,0.16060136258602142,-0.01540602371096611,0.1430896371603012,-0.1890130341053009,930.0,2449.3602446974805,699.9914608763786
215,47073.0,0.10674459487199783,-0.02074688859283924,0.1402955800294876,-0.12088169157505035,931.0,1697.7509879985444,1157.9775703852517
216,47032.0,0.21576571464538574,-0.09075076878070831,0.11011955887079239,-0.2060953676700592,930.0,392.25257313308924,674.7314363989154
217,47124.0,0.22829481959342957,-0.08796680718660355,0.13238242268562317,-0.23470549285411835,933.0,2277.294454150001,502.7234299834496
218,47511.0,0.21801242232322693,-0.07906592637300491,0.13529448211193085,-0.2165955752134323,935.0,4998.7761752887345,323.81993568064814
219,47468.0,0.24402710795402527,-0.11328581720590591,0.12741458415985107,-0.23042558133602142,941.0,781.9153433967147,855.8594241212768
220,46978.0,0.1661885678768158,-0.03461147099733353,0.13905707001686096,-0.180867537856102,944.0,3179.910121787556,607.6978123931685
221,47277.0,0.15792056918144226,-0.0456804595887661,0.17092056572437286,-0.18368808925151825,942.0,2109.7521503234834,322.103679407283
222,47333.0,0.12983879446983337,-0.0031140188220888376,0.20361284911632538,-0.16195644438266754,934.0,2429.4609050730846,0.0
223,46843.0,0.2799852192401886,-0.072031669318676,0.15309837460517883,-0.2696238160133362,939.0,0.0,0.0
224,46484.0,0.3324833810329437,-0.11937706172466278,0.17336133122444153,-0.31454601883888245,943.0,0.0,34.53114948605536
225,46654.0,0.19202075898647308,-0.07585904002189636,0.12093228101730347,-0.19551073014736176,938.0,282.92907506213345,511.18895880888954
226,46930.0,0.08967150002717972,0.022239925339818,0.1559121459722519,-0.10487622022628784,942.0,877.3211163537671,612.6010909523995
227,46977.0,0.1705014705657959,-0.031218530610203743,0.15525910258293152,-0.1786722093820572,944.0,2291.075152696069,982.9546485055122
228,46998.0,0.18423254787921906,-0.05440748110413551,0.13929235935211182,-0.20393006503582,943.0,2117.125969523303,537.7879169146097
229,47323.0,0.15140484273433685,-0.020877458155155182,0.14584612846374512,-0.16742916405200958,943.0,2873.2956046893855,688.7189854370745
230,47479.0,0.1062367707490921,-0.0038422776851803064,0.17062437534332275,-0.14374910295009613,942.0,3892.820991131366,286.7439536457069
231,47348.0,0.17907428741455078,-0.05941646546125412,0.13854444026947021,-0.18745677173137665,942.0,1411.0726448104044,333.96326986026673
232,47775.0,0.16277429461479187,-0.032175030559301376,0.13411776721477509,-0.17613951861858368,930.0,1238.520805348711,611.6554893128063
233,47405.0,0.15072549879550934,-0.03550729528069496,0.14851266145706177,-0.17118746042251587,929.0,4456.077425298898,662.5281265263314
234,47385.0,0.12491899728775024,-0.028097650036215782,0.16038484871387482,-0.14528661966323853,926.0,2617.3590358379206,962.6226083235051
235,46729.0,0.2721637189388275,-0.09843883663415909,0.12699641287326813,-0.25466373562812805,925.0,0.0,0.0
236,46109.0,0.31692564487457275,-0.13888707756996155,0.13964194059371948,-0.295377641916275,924.0,0.0,0.0
237,46099.0,0.29476284980773926,-0.12004276365041733,0.1337135136127472,-0.27404704689979553,922.0,0.0,0.0
238,47662.0,0.17122405767440796,-0.04848986491560936,0.12599244713783264,-0.17391479015350342,918.0,1002.5059560831744,936.3548470574453
239,47662.0,0.1804104596376419,-0.04750320687890053,0.14986008405685425,-0.2014629989862442,918.0,2615.4862961845897,924.4783887853932
240,47216.0,0.1556035280227661,-0.05018800124526024,0.1584661453962326,-0.17535129189491272,919.0,1593.8386333178794,1072.8446998291497
241,46901.0,0.27671822905540466,-0.12486633658409119,0.16823959350585938,-0.27840277552604675,920.0,689.8364762503948,934.5871802358812
242,46951.0,0.2550733983516693,-0.07702214270830154,0.19522832334041595,-0.27129119634628296,922.0,1160.067451603029,1030.0522134347636
243,47313.0,0.17454998195171356,-0.05664213001728058,0.1338655650615692,-0.1842394769191742,921.0,1771.7187680331358,902.0656545067441
244,47241.0,0.13134735822677612,-0.04511450231075287,0.1156596764922142,-0.13726793229579926,922.0,881.3415601803421,1245.0781278623601
245,47479.0,0.2148006409406662,-0.08985316008329391,0.15032730996608734,-0.22090788185596466,922.0,3692.4423244428776,333.60318312307544
246,47240.0,0.20779763162136078,-0.04491911828517914,0.1506355255842209,-0.20268891751766205,921.0,5179.484332674562,199.12556416928933
247,47424.0,0.22945410013198853,-0.09311369061470032,0.12729592621326447,-0.2173057198524475,926.0,4279.125864254223,529.2132694916396
248,46944.0,0.20720861852169037,-0.06295257061719894,0.13213248550891876,-0.209493026137352,926.0,2277.28552555501,139.35083796638796
249,47403.0,0.20505940914154053,-0.048419367522001266,0.14142057299613953,-0.20881234109401703,925.0,1915.5650923603903,331.85745087249416
250,47428.0,0.14298361539840698,0.010443613864481449,0.15659427642822266,-0.17390316724777222,927.0,1121.7899298287127,830.624159360576
251,47390.0,0.1494722217321396,-0.025149453431367874,0.14046819508075714,-0.1760208159685135,932.0,2338.303237114577,912.684059215742
252,47455.0,0.15691250562667847,-0.032924555242061615,0.1490108072757721,-0.17200438678264618,932.0,3090.5062126083108,296.77582818824845
253,47483.0,0.18097764253616333,-0.027432380244135857,0.15210241079330444,-0.20857994258403778,940.0,1688.5350351027819,1059.8640309520808
254,47336.0,0.18083813786506653,-0.0483957938849926,0.14006692171096802,-0.19950644671916962,943.0,2467.8542232429186,718.7502980746133
255,47270.0,0.14958585798740387,-0.021641790866851807,0.14109112322330475,-0.1705402284860611,945.0,2315.0052774889004,389.43695478191165
256,47346.0,0.14705677330493927,-0.03804107382893562,0.17048071324825287,-0.16367371380329132,935.0,4108.368201026369,156.94872661854836
257,46830.0,0.3239535391330719,-0.11718379706144333,0.1681293547153473,-0.30522310733795166,940.0,53.870215111302734,5.746530703081935
258,46658.0,0.23679332435131073,-0.0925092101097107,0.13551633059978485,-0.23246239125728607,942.0,257.94902831727296,651.3182356961618
259,46737.0,0.21116015315055847,-0.06775693595409393,0.1480824202299118,-0.21950668096542358,942.0,1829.4369822180006,97.99769838056571
260,46977.0,0.09946569800376892,0.022247396409511566,0.17084187269210815,-0.12534859776496887,942.0,2930.747323880848,537.5161627131291
261,47046.0,0.17298848927021027,-0.057439494878053665,0.13003957271575928,-0.18641911447048187,942.0,2470.432581866175,1123.5687078105816
262,47089.0,0.24139875173568726,-0.07990467548370361,0.1222391128540039,-0.23736095428466797,943.0,1040.4787107316963,412.71965955854523
263,47567.0,0.21104596555233002,-0.07962094992399216,0.14059846103191376,-0.21883803606033325,941.0,3740.8691968862204,337.6509936795797
264,47673.0,0.14625515043735504,-0.018971947953104973,0.15700705349445343,-0.1672053188085556,940.0,2768.627593230325,281.7929609623926
265,47515.0,0.14499720931053162,-0.01812518574297428,0.14941678941249847,-0.16957862675189972,939.0,3224.1928094090445,604.0552086455982
266,47647.0,0.18288357555866241,-0.043034877628088,0.13687960803508759,-0.19184307754039764,930.0,2336.8781439245095,223.69312355113433
267,47330.0,0.16317667067050934,-0.02343989908695221,0.1340624839067459,-0.18753711879253387,932.0,3388.0893468764784,295.2109335036294
268,47382.0,0.10041578114032745,-0.003326061414554715,0.13271823525428772,-0.1222497820854187,929.0,1662.2106486274229,536.9942969752447
269,47039.0,0.21341463923454285,-0.050956323742866516,0.1183294877409935,-0.21116913855075836,928.0,0.0,0.0
270,46314.0,0.275177925825119,-0.10300236940383911,0.1259068101644516,-0.25807085633277893,925.0,0.0,0.0
271,46234.0,0.3148844242095947,-0.1419246345758438,0.1376979947090149,-0.2963808476924896,924.0,0.0,0.0
272,47662.0,0.13936638832092285,0.03198551759123802,0.1731082797050476,-0.17737732827663422,917.0,1830.4638504153033,461.87284146916
273,47571.0,0.12241403758525848,0.035049524158239365,0.17203959822654724,-0.1612236648797989,913.0,3760.370050521424,323.50394935984457
274,47044.0,0.16838207840919495,-0.01658989116549492,0.15350334346294403,-0.1819918304681778,919.0,3573.1008162829467,299.35483342470707
275,46918.0,0.20162735879421234,-0.02856229990720749,0.15267375111579895,-0.21661250293254852,921.0,3887.224802882988,254.65688416960754
276,46978.0,0.07812441140413284,0.055083055049180984,0.15333600342273712,-0.11857474595308304,920.0,4500.790180875271,327.4302071351748
277,47209.0,0.1427067667245865,-0.003797760931774974,0.14982900023460388,-0.16625100374221802,919.0,2346.929633002363,500.2756290906559
278,47201.0,0.20553278923034668,-0.08210449665784836,0.12004821002483368,-0.19684278964996338,920.0,308.4551865862909,1242.193374767775
279,47532.0,0.1724085658788681,-0.03867181017994881,0.14414547383785248,-0.18555951118469238,921.0,3906.6698319019383,515.5197929521172
280,47353.0,0.20141763985157013,-0.05465858802199364,0.14887332916259766,-0.2162090688943863,922.0,2056.463089526229,661.4803608446346
281,47682.0,0.1926480531692505,-0.08132442831993103,0.12470877170562744,-0.1984548568725586,922.0,1762.554302251842,1160.5624920650241
282,47149.0,0.20054717361927032,-0.070763498544693,0.15788741409778595,-0.20868366956710815,924.0,1238.348263376117,1087.7363008688894
283,47467.0,0.23926471173763275,-0.0851442813873291,0.150249645113945,-0.2440500557422638,927.0,2073.1159707955403,763.6126142665162
284,47532.0,0.20631210505962372,-0.05985429510474205,0.1545162796974182,-0.22116629779338837,926.0,957.3799631895005,1209.4117798672005
285,47358.0,0.16638079285621643,-0.038719531148672104,0.1451779007911682,-0.20655737817287445,931.0,3423.3107964843302,281.5945643327822
286,47279.0,0.15583853423595428,-0.04466627538204193,0.10421480983495712,-0.16000869870185852,937.0,1026.9101735953457,823.3893014705195
287,47398.0,0.2281961292028427,-0.0964924618601799,0.12727056443691254,-0.22727631032466888,936.0,613.6243190795858,1295.7919933296891
288,47446.0,0.1092061698436737,0.008623762056231499,0.12832441926002502,-0.1343526989221573,939.0,1347.034173892622,1124.2641780887539
289,47678.0,0.08457856625318527,0.022425659000873566,0.16008524596691132,-0.10611818730831146,942.0,4379.245268240292,556.2061253480418
290,47193.0,0.19382287561893463,-0.06065591052174568,0.13234896957874298,-0.19283606112003326,938.0,1498.1798816326198,175.08837847741881
291,46695.0,0.2512272298336029,-0.09960686415433884,0.12768182158470154,-0.23538148403167725,940.0,0.0,592.6476866197951
292,46344.0,0.28067466616630554,-0.14779461920261383,0.12306974828243256,-0.2661864757537842,942.0,905.4290239263162,68.99799867220446
293,46282.0,0.3081328868865967,-0.16037890315055847,0.14490178227424622,-0.294879287481308,938.0,3010.644862431728,275.5670846143598
294,46840.0,0.26136571168899536,-0.1079159751534462,0.15135468542575836,-0.2633923590183258,941.0,2596.959895423477,759.330351973435
295,47320.0,0.14747071266174316,-0.020071137696504593,0.16523140668869019,-0.15910649299621582,938.0,3626.96907482995,803.7477957452473
296,47447.0,0.14142173528671265,-0.047256097197532654,0.12908737361431122,-0.1467747688293457,933.0,5572.466264031757,95.60816457582081
297,47908.0,0.10725346952676773,0.02959016151726246,0.14146098494529724,-0.16362613439559937,933.0,4898.505699608758,539.4847582003732
298,48079.0,0.10255510360002518,0.034098945558071136,0.1754460334777832,-0.13166901469230652,936.0,3572.501802523474,692.5306252037385
299,47967.0,0.09569741040468216,0.020032310858368874,0.1620689481496811,-0.128474161028862,936.0,5614.6890793538205,688.1016914888978
300,47651.0,0.11355957388877869,-0.018235551193356514,0.15300734341144562,-0.13434846699237823,936.0,3638.286240113823,595.2833636783712
301,47535.0,0.165909543633461,-0.038195811212062836,0.12553885579109192,-0.17393240332603455,937.0,1616.8758322175865,696.0673873045721
302,47700.0,0.18436498939990997,-0.02029692381620407,0.11710739135742188,-0.1917567253112793,943.0,0.0,97.94910025552825
303,47947.0,0.14737725257873535,0.04058793932199478,0.13640736043453217,-0.16411980986595154,930.0,0.0,0.0
304,46835.0,0.25553271174430847,-0.09680599719285965,0.12158089876174927,-0.2442970722913742,931.0,0.0,0.0
305,46805.0,0.3026488423347473,-0.15226450562477112,0.13125476241111755,-0.28498515486717224,933.0,0.0,0.0
306,46948.0,0.24369488656520844,-0.07659489661455154,0.13713310658931732,-0.2444615662097931,919.0,5.7856005788069975,0.0
307,46811.0,0.27882662415504456,-0.11822158098220825,0.14152158796787262,-0.27623480558395386,920.0,0.0,328.0357265929165
308,46312.0,0.3356308937072754,-0.17542314529418945,0.1425887495279312,-0.3158816993236542,916.0,0.0,19.47711134169708
309,46243.0,0.36080431938171387,-0.1946050077676773,0.15677322447299957,-0.34171029925346375,921.0,0.0,271.3450810005812
310,46520.0,0.3414609134197235,-0.18322840332984924,0.17018863558769226,-0.33272263407707214,921.0,1839.8136371062515,334.0404998242151
311,46775.0,0.19803331792354584,-0.053820278495550156,0.1358826905488968,-0.20750412344932556,917.0,729.4333447658255,680.5490572274741
312,46870.0,0.22133393585681915,-0.08027476817369461,0.14230145514011383,-0.21813417971134186,919.0,1873.6961602309402,539.1384153418552
313,47022.0,0.28592273592948914,-0.14720290899276733,0.1326361745595932,-0.2737923264503479,919.0,2446.759266666949,1393.606292633618
314,47568.0,0.12887771427631378,0.006771697197109461,0.1353265792131424,-0.15718713402748108,921.0,3547.090256924891,571.4952492627881
315,47864.0,0.07521538436412811,0.033011388033628464,0.12784124910831451,-0.1087145134806633,922.0,3289.7082276048777,751.7950944338022
316,47301.0,0.23213128745555878,-0.07795970141887665,0.1589665710926056,-0.24567021429538727,927.0,291.64947622571935,1421.0144450770947
317,47319.0,0.2890501618385315,-0.1303197294473648,0.1564476490020752,-0.27930688858032227,928.0,0.0,846.5633753707816
318,47490.0,0.23627740144729614,-0.09067593514919281,0.13739466667175293,-0.23760290443897247,926.0,264.2790587704438,1144.1890726532436
319,46972.0,0.2618922293186188,-0.12612450122833252,0.11848819255828857,-0.24709931015968323,930.0,1006.9744286927879,840.5286483378828
320,47220.0,0.29411765933036804,-0.1431029886007309,0.14142794907093048,-0.283346951007843,937.0,1793.1344098471654,859.5356679330589
321,47400.0,0.11694743484258652,0.012177721597254276,0.14851142466068268,-0.16270895302295685,938.0,2401.9307972286824,767.745995756385
322,47346.0,0.28857794404029846,-0.13750390708446503,0.12645213305950165,-0.269811749458313,934.0,163.69775999032024,1509.822820675222
323,47511.0,0.16211561858654022,-0.053288739174604416,0.11892321705818176,-0.1715301275253296,940.0,1555.640764824684,1111.768716330948
324,47204.0,0.1793590933084488,-0.06518830358982086,0.10943062603473663,-0.1731020212173462,942.0,825.2213132759312,836.5993286955184
325,46906.0,0.26943540573120117,-0.15036159753799438,0.12162456661462784,-0.2530668377876282,940.0,25.036890167738065,1152.096270436257
326,46908.0,0.23633483052253723,-0.0932319313287735,0.14155013859272003,-0.2361949235200882,941.0,1986.2154313165624,543.9180077405157
327,46734.0,0.2261067032814026,-0.09620458632707596,0.1414155215024948,-0.22810475528240204,938.0,624.6661703238104,840.23231162026
328,47183.0,0.13137657940387726,-0.013485980220139027,0.16268031299114227,-0.1448925882577896,934.0,1348.1919862382815,1496.5629337548835
329,47475.0,0.19233694672584534,-0.05987638607621193,0.15739306807518005,-0.19758474826812744,932.0,2023.3140909238166,896.5017194607908
330,47599.0,0.1875516176223755,-0.058099474757909775,0.1437763124704361,-0.20089590549468994,932.0,3772.2066916715153,1023.486265388293
331,47765.0,0.12107556313276291,0.023740027099847794,0.1517907679080963,-0.15781375765800476,930.0,2265.418797616734,1212.0004146904132
332,47711.0,0.20461617410182953,-0.06327353417873383,0.13044582307338715,-0.20352588593959808,936.0,3178.370690106438,1057.1364670135958
333,47775.0,0.14166666567325592,-0.03297927975654602,0.15534333884716034,-0.17168036103248596,934.0,4092.4395278176485,869.5475425886501
334,47828.0,0.12044434249401093,0.006175130605697632,0.14488115906715393,-0.1453237384557724,934.0,3863.2016231565844,399.3596987701887
335,47524.0,0.14415322244167328,0.03833933547139168,0.12164483219385147,-0.15722842514514923,935.0,286.87250396277045,464.0232324104299
336,47513.0,0.1766246110200882,0.012650642544031143,0.1372525691986084,-0.18731734156608582,939.0,51.50278054366627,0.0
337,47357.0,0.30088692903518677,-0.1290653645992279,0.14879971742630005,-0.2851197421550751,936.0,0.0,122.09733484697108
338,47018.0,0.2818121314048767,-0.12626975774765015,0.12818248569965363,-0.26618146896362305,930.0,0.0,0.0
339,47178.0,0.3287317156791687,-0.17192433774471283,0.1440642923116684,-0.3129810094833374,929.0,0.0,0.0
340,45855.0,0.32846328616142273,-0.17514313757419586,0.13623058795928955,-0.3059234917163849,912.0,231.64677120281712,0.0
341,45877.0,0.32204413414001465,-0.1616901457309723,0.13840578496456146,-0.300801545381546,914.0,0.0,145.20705928162496
342,45919.0,0.3014589846134186,-0.16362635791301727,0.13133633136749268,-0.2860131561756134,912.0,0.0,205.66600998593574
343,46217.0,0.3471718430519104,-0.17791873216629028,0.15376026928424835,-0.32368820905685425,917.0,0.0,279.1036909043921
344,46459.0,0.2865884602069855,-0.1378834843635559,0.12990286946296692,-0.27206164598464966,917.0,220.25038842653836,145.852322004362
345,46664.0,0.30930382013320923,-0.1612206995487213,0.1356428563594818,-0.2900277078151703,914.0,294.2211595704431,391.8020638338563
346,46732.0,0.2812391221523285,-0.12899932265281677,0.13524870574474335,-0.2661755084991455,918.0,3208.4026834658844,155.74162716631483
347,46802.0,0.30053141713142395,-0.15295712649822235,0.13514797389507294,-0.28297188878059387,919.0,63.89516973694044,1364.6876994817544
348,47461.0,0.13382914662361145,-0.009503550827503204,0.14144711196422577,-0.1474476456642151,921.0,2011.822648380352,651.8311380080723
349,47925.0,0.1652478575706482,-0.02464419975876808,0.17098908126354218,-0.19086319208145142,921.0,5071.081792960799,339.56493863581505
350,47390.0,0.12404932081699371,-0.029102586209774017,0.15167871117591858,-0.14959976077079773,928.0,716.8602442580666,947.6411543736402
351,47324.0,0.3021695613861084,-0.10710853338241577,0.15432938933372498,-0.2869653105735779,926.0,0.0,662.1264808591513
352,47373.0,0.25558680295944214,-0.07879482954740524,0.16923193633556366,-0.2560722827911377,928.0,87.72301500385345,454.2801720546706
353,46581.0,0.2998182475566864,-0.17606717348098755,0.12933778762817383,-0.27977460622787476,933.0,0.0,863.7398523899126
354,47251.0,0.12403883785009384,-0.007343472447246313,0.13794977962970734,-0.14638783037662506,935.0,2184.9445762616247,804.9729358911846
355,47378.0,0.15051311254501343,-0.015056503936648369,0.14320188760757446,-0.19126328825950623,940.0,2927.6065355873893,856.9146117319909
356,47354.0,0.16188478469848633,-0.02113371528685093,0.14990679919719696,-0.17866098880767822,937.0,3703.2070069868832,490.53323508527416
357,47445.0,0.21180570125579834,-0.10012360662221909,0.12326452881097794,-0.20447398722171783,939.0,1485.8714614635041,1036.1876851916902
358,47130.0,0.23749850690364838,-0.09035639464855194,0.1289239227771759,-0.22843758761882782,942.0,28.155465045147203,395.2006799941155
359,47084.0,0.2025120109319687,-0.022913046181201935,0.1470162272453308,-0.216595858335495,941.0,718.087370595214,215.1222209278008
360,47508.0,0.2621607780456543,-0.10470885783433914,0.1507113128900528,-0.26489022374153137,940.0,1701.5979105522922,84.89431641995819
361,47283.0,0.21185436844825745,-0.06666232645511627,0.1472785472869873,-0.22257474064826965,940.0,1884.0672817314448,423.0890532348328
362,47361.0,0.18530170619487762,-0.04098622128367424,0.12329871207475662,-0.1915980726480484,935.0,3515.6445566413404,667.8917637254549
363,47389.0,0.265384316444397,-0.10003592818975449,0.143062025308609,-0.26211264729499817,930.0,2211.219041056347,0.0
364,47537.0,0.197996124625206,-0.030457349494099617,0.14534926414489746,-0.20366062223911285,927.0,3719.123519180774,469.62545094918266
365,47734.0,0.15052998065948486,-0.01736176572740078,0.16734471917152405,-0.1703028380870819,927.0,3451.257061487705,1062.685680712829
366,47473.0,0.16343826055526733,-0.0570603609085083,0.14037613570690155,-0.18481987714767456,930.0,1899.245011226207,962.0851899790921
367,47484.0,0.2040306031703949,-0.08081341534852982,0.1484634429216385,-0.21606062352657318,930.0,2083.5706261586374,1193.6363871724554
368,47801.0,0.14443795382976532,-0.026490529999136925,0.13480474054813385,-0.1610862910747528,931.0,979.6508888189278,965.0667542615736
369,47332.0,0.25229161977767944,-0.08881191909313202,0.13688167929649353,-0.24944046139717102,937.0,0.545892582377756,347.2371802409739
370,47340.0,0.2601880729198456,-0.08783254772424698,0.14344501495361328,-0.25937947630882263,938.0,0.0,211.48168077103585
371,47051.0,0.26608824729919434,-0.0991377905011177,0.14848843216896057,-0.2644076645374298,935.0,0.0,103.1036112952737
372,47511.0,0.19851884245872498,-0.04763999581336975,0.16111266613006592,-0.2154732346534729,935.0,0.0,284.2088597998264
373,47829.0,0.1733047068119049,-0.01425064355134964,0.17537790536880493,-0.20028343796730042,933.0,0.0,0.0
374,45832.0,0.34470149874687195,-0.1789613962173462,0.15020836889743805,-0.32583707571029663,918.0,0.0,93.16383650104552
375,45841.0,0.32190659642219543,-0.15897904336452484,0.14259974658489227,-0.3062679171562195,914.0,0.0,496.8560766176811
376,45861.0,0.336563378572464,-0.17480440437793732,0.1389346569776535,-0.3161963224411011,914.0,0.0,193.49132322266172
377,46250.0,0.287222683429718,-0.12981142103672028,0.1469760686159134,-0.28231629729270935,916.0,8.608132318446222,1259.1262898219054
378,46446.0,0.3084673583507538,-0.11764153838157654,0.1525620073080063,-0.2915732264518738,916.0,989.1686405367824,906.1309546892331
379,46671.0,0.27097511291503906,-0.10332716256380081,0.1526907980442047,-0.26367759704589844,920.0,94.16365456464398,831.3691525114268
380,46659.0,0.2983013391494751,-0.12975578010082245,0.14839836955070496,-0.2809414565563202,920.0,0.0,785.480504198933
381,46724.0,0.3060351312160492,-0.16128817200660706,0.13972897827625275,-0.28714630007743835,918.0,0.0,798.5058583783658
382,47397.0,0.13025860488414764,-0.020589713007211685,0.13261210918426514,-0.14288009703159332,921.0,1411.3257524167193,1213.347449080159
383,48074.0,0.14755280315876007,-0.02366255223751068,0.15916676819324493,-0.1757320612668991,921.0,1109.8189330756854,735.7731932708624
384,47927.0,0.16322742402553558,-0.017217785120010376,0.15914766490459442,-0.18835514783859253,936.0,4255.00918798988,705.440136620772
385,47815.0,0.18121051788330078,-0.03731656074523926,0.1537986397743225,-0.20263247191905975,932.0,1777.986624147612,763.7598787834013
386,47431.0,0.2782154083251953,-0.10634446889162064,0.16945713758468628,-0.27227309346199036,929.0,0.0,249.83083896965172
387,46733.0,0.2856149971485138,-0.13791689276695251,0.13236625492572784,-0.2692967355251312,936.0,20.714001517591015,253.01699032988458
388,47250.0,0.1698550283908844,-0.028764091432094574,0.12789759039878845,-0.18499939143657684,939.0,3509.4685924284568,10.697561091070357
389,47014.0,0.2323351949453354,-0.1040576845407486,0.12608972191810608,-0.23569902777671814,941.0,1010.8493473351564,966.6082158773902
390,46911.0,0.168415829539299,-0.07008249312639236,0.11554110050201416,-0.16562242805957794,939.0,329.2216501872486,1286.209017811059
391,46874.0,0.23092250525951385,-0.09510521590709686,0.14847297966480255,-0.22766081988811493,940.0,0.0,460.1058485611684
392,46651.0,0.3298751413822174,-0.1644173413515091,0.14423169195652008,-0.31088384985923767,942.0,633.6576592690021,934.2884830112987
393,47247.0,0.17307166755199432,-0.044886305928230286,0.13238267600536346,-0.19241774082183838,942.0,2809.061061347191,296.19342704691877
394,47920.0,0.14859646558761597,-0.047402992844581604,0.14893203973770142,-0.16657239198684692,941.0,2638.125007698862,241.5950294892359
395,47721.0,0.1059311032295227,0.06032883748412132,0.15942101180553436,-0.14727669954299927,937.0,4047.477877853229,35.611572951961165
396,47278.0,0.18847425282001495,-0.05382198840379715,0.12925364077091217,-0.1967654973268509,937.0,2485.881349518458,895.7971652410268
397,47409.0,0.1938851922750473,-0.07943858951330185,0.12914325296878815,-0.19510944187641144,929.0,2651.7524424214675,282.27175462314773
398,47597.0,0.1392900049686432,-0.04808690398931503,0.14237190783023834,-0.16254796087741852,924.0,4593.246817259024,504.9883531124376
399,47715.0,0.11261743307113647,-0.003575514769181609,0.1319396197795868,-0.13140922784805298,925.0,3962.718078336453,997.396260149142
400,47543.0,0.21431082487106323,-0.08237014710903168,0.13105198740959167,-0.21383672952651978,924.0,3230.8269549323136,591.1674926405759
401,47715.0,0.1364736557006836,-0.016621697694063187,0.15015950798988342,-0.1611185073852539,924.0,3525.5369132383044,877.2822794329912
402,47411.0,0.2558209002017975,-0.10307757556438446,0.14569306373596191,-0.2539493441581726,928.0,0.0,671.0717236750222
403,47393.0,0.30095919966697693,-0.10837706178426743,0.16295912861824036,-0.30446818470954895,936.0,0.0,245.44353587612997
404,47845.0,0.18791508674621582,0.010736363008618355,0.2053384929895401,-0.22900737822055817,936.0,1087.5521083269014,207.33942701106017
405,48870.0,0.18082460761070251,0.021449683234095573,0.2012791484594345,-0.2272062599658966,941.0,159.6125081386177,205.3530547024077
406,48686.0,0.1916002631187439,-0.00654170336201787,0.16211532056331635,-0.1949370801448822,938.0,745.8738532737005,360.13287061625465
407,48357.0,0.20316092669963837,-0.026791736483573914,0.16371729969978333,-0.22624103724956512,936.0,0.0,53.85134053978727
408,46545.0,0.27593424916267395,-0.11256084591150284,0.1337493509054184,-0.2667025923728943,915.0,571.7389765403509,366.72804960431216
409,46070.0,0.3520173728466034,-0.18758797645568848,0.15599901974201202,-0.33640748262405396,916.0,100.08930264963915,476.4059357417153
410,45664.0,0.3273664116859436,-0.1752014458179474,0.1380292773246765,-0.3080828785896301,915.0,0.0,903.7815310231965
411,45791.0,0.35994789004325867,-0.20344628393650055,0.14834843575954437,-0.33872517943382263,916.0,0.0,625.2039838593449
412,45886.0,0.3909470736980438,-0.2253611832857132,0.16065961122512817,-0.36803534626960754,920.0,0.0,972.8570825997617
413,46214.0,0.2768063545227051,-0.1416548788547516,0.11696650832891464,-0.260342001914978,921.0,0.0,809.4283092894967
414,46339.0,0.28343144059181213,-0.1317421793937683,0.13662293553352356,-0.26768115162849426,922.0,0.0,786.0608874069775
415,46547.0,0.3226510286331177,-0.17271968722343445,0.13864442706108093,-0.30246683955192566,924.0,124.71443830184343,805.0852533681585
416,47240.0,0.24265563488006592,-0.09546705335378647,0.14396242797374725,-0.24340397119522095,927.0,1834.9536614313006,966.2940808192926
417,47978.0,0.1527007520198822,-0.032879509031772614,0.14467059075832367,-0.16486890614032745,923.0,2845.847850842764,954.3979737054651
418,47966.0,0.18718169629573822,-0.0766923576593399,0.18700510263442993,-0.2048330307006836,923.0,2287.4689209761927,955.9544031197885
419,47731.0,0.16838227212429047,-0.028704797849059105,0.17812898755073547,-0.19331927597522736,930.0,2542.5133952301926,881.8002583632536
420,46863.0,0.3262563943862915,-0.15440815687179565,0.16015203297138214,-0.31567713618278503,932.0,973.1805779759525,496.0556300488554
421,46841.0,0.3028639554977417,-0.13395889103412628,0.18104010820388794,-0.30627673864364624,938.0,3355.5549425327104,561.724449524624
422,46946.0,0.28492745757102966,-0.15071728825569153,0.1294977068901062,-0.2712690532207489,941.0,2808.2634512137283,728.7870477887151
423,46786.0,0.26556387543678284,-0.12956835329532623,0.11620938032865524,-0.2479710727930069,940.0,75.55519362541803,1128.9856375413167
424,46748.0,0.25869220495224,-0.09973312169313431,0.14105507731437683,-0.25698575377464294,939.0,9.488911497861713,1018.6621745866049
425,46563.0,0.26610711216926575,-0.12701010704040527,0.12215545773506165,-0.250710666179657,940.0,0.0,456.0941954670465
426,46690.0,0.2522915303707123,-0.11348570883274078,0.11792900413274765,-0.23886671662330627,943.0,1714.0925668279938,1042.3430779743458
427,47586.0,0.11239518225193024,0.024351051077246666,0.17324534058570862,-0.1389610320329666,937.0,2776.397265402989,1036.0146951445008
428,47683.0,0.11460620909929276,-0.019260428845882416,0.13513867557048798,-0.13012009859085083,942.0,3257.949201076707,830.8921227094762
429,47378.0,0.19903792440891266,-0.08521875739097595,0.1279844045639038,-0.19653747975826263,935.0,2838.3745187228446,344.0742737881386
430,47207.0,0.2659664750099182,-0.10386855900287628,0.13423722982406616,-0.25848302245140076,936.0,2643.9423221204174,912.4070021455037
431,47806.0,0.10957801342010498,0.010324080474674702,0.14101819694042206,-0.14621688425540924,925.0,5215.266069127535,513.5576431185889
432,48107.0,0.12277074158191681,-0.00042770191794261336,0.15510691702365875,-0.1527351289987564,921.0,5141.423991545282,781.0635547753054
433,48095.0,0.13851112127304077,-0.019785946235060692,0.13338062167167664,-0.1472591906785965,919.0,4072.565268644813,1137.5451216758863
434,47812.0,0.10966847836971283,0.01734328083693981,0.16204214096069336,-0.13899599015712738,921.0,3762.925016527738,674.5377989490105
435,48103.0,0.09419401735067368,0.020309321582317352,0.16527047753334045,-0.12519468367099762,920.0,4963.529917366375,707.7228324220533
436,47388.0,0.20196618139743805,-0.05429083853960037,0.13150908052921295,-0.20495131611824036,928.0,0.0,595.9899712014667
437,47344.0,0.217668816447258,-0.07018550485372543,0.15833522379398346,-0.2264309525489807,932.0,1089.0410345041603,201.73588622562332
438,47882.0,0.15212924778461456,0.029905008152127266,0.1821957677602768,-0.18718381226062775,933.0,3090.452371089813,596.6191798213594
439,49428.0,0.13029132783412933,0.10140552371740341,0.225889191031456,-0.19702014327049255,934.0,6384.4745313889935,10.812931092384424
440,49408.0,0.12204359471797943,0.10147618502378464,0.1718754768371582,-0.11228594183921814,935.0,8194.581945254813,0.0
441,48878.0,0.1944306343793869,-0.01890680007636547,0.16806192696094513,-0.22368182241916656,935.0,1541.5571275662182,0.0
442,47803.0,0.2809506058692932,-0.11370827257633209,0.1507379710674286,-0.2664194703102112,916.0,501.5045711756583,901.7588174496142
443,46667.0,0.360378623008728,-0.1925380527973175,0.15492048859596252,-0.3407217860221863,913.0,0.0,736.8939147391857
444,45845.0,0.34018492698669434,-0.18419425189495087,0.14429540932178497,-0.32481247186660767,911.0,0.0,586.3666339137186
445,45727.0,0.3595021963119507,-0.18445439636707306,0.15045581758022308,-0.3350149095058441,916.0,0.0,886.0799964241116
446,45766.0,0.3562549948692322,-0.18715998530387878,0.14852726459503174,-0.3371555507183075,917.0,0.0,365.7725478358589
447,46011.0,0.3527010977268219,-0.20148958265781403,0.14104531705379486,-0.33068108558654785,923.0,0.0,1573.262853147072
448,46073.0,0.31710657477378845,-0.1676725447177887,0.13516782224178314,-0.2978077530860901,922.0,0.0,536.9266417990771
449,46412.0,0.2628977298736572,-0.12160278856754303,0.12772656977176666,-0.2554112672805786,923.0,1789.7012669003043,475.29645384529204
450,47323.0,0.16862376034259796,0.006298196502029896,0.16217942535877228,-0.21740439534187317,927.0,4531.454098340427,177.22286652003189
451,48043.0,0.28940680623054504,-0.1514994353055954,0.15264616906642914,-0.27840766310691833,925.0,1619.9453330383235,545.1456110293437
452,47733.0,0.16280119121074677,-0.04527944698929787,0.14690226316452026,-0.17503608763217926,923.0,3364.758466366794,1076.457366402066
453,47083.0,0.2641337811946869,-0.09962049126625061,0.1541464775800705,-0.26298582553863525,930.0,936.7515772361332,462.65281359416446
454,46526.0,0.2800416350364685,-0.11808262020349503,0.14367415010929108,-0.2751583456993103,933.0,0.7873977236633272,967.4306252697476
455,46665.0,0.28134968876838684,-0.11250615119934082,0.16003961861133575,-0.28398919105529785,938.0,636.2996893874831,970.6640052079861
456,46726.0,0.24412371218204498,-0.10910962522029877,0.11390858888626099,-0.22827015817165375,938.0,5.769516732472444,1091.8692448799782
457,46607.0,0.2015797197818756,-0.08044258505105972,0.11309937387704849,-0.19122980535030365,942.0,1037.3400785395597,811.5071166671319
458,46449.0,0.24498198926448822,-0.12555253505706787,0.10202699154615402,-0.2251719981431961,942.0,56.72518983969114,445.44095972232265
459,46460.0,0.2808631956577301,-0.1453433334827423,0.11603236198425293,-0.2593274712562561,942.0,125.13548219734744,876.2325543818039
460,47194.0,0.1754712611436844,-0.05942809209227562,0.13638533651828766,-0.18739959597587585,940.0,3223.110584487479,1207.9596727852374
461,47810.0,0.1439772993326187,-0.024168476462364197,0.14888212084770203,-0.16658416390419006,938.0,3747.2283602403636,319.2192272578229
462,47586.0,0.08914424479007721,0.04284011945128441,0.1734386682510376,-0.11342161893844604,945.0,3806.012385782971,904.0772854545505
463,47334.0,0.23494872450828552,-0.10169018059968948,0.13027967512607574,-0.22788308560848236,935.0,1010.7586801423346,635.5568823800938
464,47172.0,0.30457720160484314,-0.15478643774986267,0.13008925318717957,-0.2828806936740875,935.0,1292.5739893023763,696.8361565633132
465,47794.0,0.09251300245523453,0.010955257341265678,0.14732255041599274,-0.12373492866754532,926.0,4220.809765247724,782.9439538276846
466,47997.0,0.0797509178519249,0.03590568155050278,0.1512160748243332,-0.1128552109003067,922.0,4484.090212557474,916.2306696213248
467,48199.0,0.10814202576875687,0.024054089561104774,0.1580357551574707,-0.1360248178243637,921.0,4035.112720481606,1485.579070852504
468,48155.0,0.09437509626150131,0.029347028583288193,0.15310676395893097,-0.12036644667387009,921.0,3916.5678996671136,738.4162795708241
469,47927.0,0.09641148895025253,0.013110768049955368,0.16077840328216553,-0.12343832105398178,922.0,3938.134325226815,773.146485194048
470,47465.0,0.2293577939271927,-0.06896327435970306,0.1475459337234497,-0.23157145082950592,926.0,630.6589869318293,445.25928885058175
471,47816.0,0.2234967201948166,-0.05217045173048973,0.16464732587337494,-0.24158623814582825,931.0,687.713207299344,452.608629401865
472,48260.0,0.17040197551250458,0.04981618747115135,0.20241403579711914,-0.21879377961158752,932.0,701.262020001073,440.7256321342112
473,49315.0,0.14270241558551788,0.041235942393541336,0.19302454590797424,-0.18029578030109406,931.0,2771.454159979403,756.783697982792
474,48759.0,0.2494717836380005,-0.08098579943180084,0.14550936222076416,-0.2489534169435501,934.0,2349.043230539496,65.68851935353557
475,48362.0,0.23924751579761505,-0.04080051928758621,0.1560184359550476,-0.2450340986251831,933.0,0.0,0.0
476,48228.0,0.1468033641576767,0.02667754329741001,0.17764388024806976,-0.17606687545776367,915.0,2735.5570000394027,61.366689325205584
477,46945.0,0.27934199571609497,-0.12428979575634003,0.13676699995994568,-0.2665505111217499,912.0,628.519625272958,1087.8927341596775
478,45989.0,0.33961206674575806,-0.1925341784954071,0.13891926407814026,-0.3189578950405121,915.0,0.0,544.5526977347522
479,45916.0,0.30887821316719055,-0.15481886267662048,0.1304701417684555,-0.29097577929496765,917.0,0.0,761.7490134873996
480,45988.0,0.29813152551651,-0.1425616294145584,0.12813320755958557,-0.2779577374458313,915.0,0.0,655.5730733365205
481,46365.0,0.2618303894996643,-0.13136692345142365,0.13248370587825775,-0.25572827458381653,917.0,0.0,1185.6731356740477
482,46158.0,0.3175634741783142,-0.15075907111167908,0.13850095868110657,-0.2983318567276001,923.0,0.0,498.52021687223896
483,46234.0,0.334066241979599,-0.16735610365867615,0.14717811346054077,-0.3158864974975586,922.0,0.0,814.0588130381553
484,46820.0,0.2725219428539276,-0.12452177703380585,0.14243145287036896,-0.26989254355430603,926.0,2106.460586038693,216.70228330835133
485,47838.0,0.1185634657740593,0.05211559683084488,0.1705685704946518,-0.18092240393161774,928.0,4752.11385761148,319.56674111169434
486,47194.0,0.20247168838977814,-0.07552289962768555,0.1497243195772171,-0.2124762088060379,926.0,1394.4078773389094,706.5131588076913
487,46671.0,0.24034641683101654,-0.09554721415042877,0.126352921128273,-0.23475441336631775,929.0,413.13036968497505,897.934198335671
488,46528.0,0.2801956832408905,-0.14128477871418,0.1296042650938034,-0.2626943290233612,935.0,0.0,943.9576264181195
489,46659.0,0.27854201197624207,-0.12751448154449463,0.13070401549339294,-0.2686331272125244,938.0,1416.4470909845688,436.4391579952978
490,46862.0,0.24511265754699707,-0.1136547178030014,0.12922319769859314,-0.23806549608707428,936.0,2037.1700362271936,108.25930321805366
491,47161.0,0.14401933550834656,-0.0357142873108387,0.1426311880350113,-0.15322424471378326,939.0,3023.8819944716606,1014.0659933762104
492,47144.0,0.15015378594398499,-0.02248847857117653,0.1761181503534317,-0.19064143300056458,940.0,1855.0299606338556,1221.5365345639652
493,47220.0,0.16755400598049164,-0.04684942588210106,0.13954007625579834,-0.19161653518676758,941.0,1400.3348974335915,1124.686498210763
494,47633.0,0.14014458656311035,-0.08477266877889633,0.1200745552778244,-0.17232365906238556,937.0,3349.3623987707183,143.25892367905738
495,47679.0,0.08556618541479111,0.01529801357537508,0.15853948891162872,-0.10809703171253204,934.0,4015.2664246118143,537.2251324495573
496,47679.0,0.11252573132514954,-0.0033001031260937452,0.1427459716796875,-0.1454024612903595,932.0,4023.2538248167652,466.842847377834
497,47692.0,0.10930118709802628,-0.007582763209939003,0.12268733233213425,-0.12753011286258698,928.0,3041.8772634719185,1208.8168605779822
498,47554.0,0.07738423347473145,0.021221986040472984,0.17974518239498138,-0.12046725302934647,928.0,3267.0898013416727,1057.777392531484
499,47820.0,0.13801823556423187,-0.03495138883590698,0.13920487463474274,-0.15277130901813507,922.0,4212.268360723017,759.4761310400091
500,47981.0,0.13448326289653778,-0.015970677137374878,0.15572883188724518,-0.15701986849308014,918.0,3438.46723985284,1365.7182924074816
501,48047.0,0.08396366238594055,0.027286991477012634,0.1477646678686142,-0.10844216495752335,920.0,4384.0257458974,1043.7526229838456
502,47819.0,0.11646586656570435,0.0035517611540853977,0.1578763872385025,-0.14198222756385803,925.0,3878.4192242528834,1046.5897159569965
503,47537.0,0.1804278939962387,-0.048360541462898254,0.13711072504520416,-0.1972581297159195,923.0,2217.5859899707148,836.6715667614338
504,47617.0,0.18731535971164703,-0.02198474295437336,0.14967286586761475,-0.20837298035621643,924.0,254.46693066548536,363.6222132267402
505,47888.0,0.2183765172958374,-0.07272493094205856,0.15586836636066437,-0.21793138980865479,926.0,1718.307668525919,76.99144969254272
506,47776.0,0.2612158954143524,-0.05879628285765648,0.1765337586402893,-0.27604493498802185,927.0,2905.458604056005,465.692749567542
507,47945.0,0.21497909724712372,0.0031973025761544704,0.17051728069782257,-0.23925848305225372,925.0,1656.781237687378,646.5346191377167
508,47408.0,0.25596946477890015,-0.09892835468053818,0.15455488860607147,-0.2550571858882904,929.0,0.0,85.79776395085723
509,47771.0,0.1772291660308838,-0.012997363694012165,0.16758479177951813,-0.1958889663219452,931.0,0.0,0.0
510,48037.0,0.29732370376586914,-0.09827785193920135,0.1825166642665863,-0.27770712971687317,914.0,2641.9230839165575,285.00040241043683
511,47509.0,0.26376935839653015,-0.1104319617152214,0.15994389355182648,-0.2646763324737549,914.0,1598.0021963651393,947.5637501209474
512,46856.0,0.1503523886203766,-0.05852682143449783,0.09950766712427139,-0.15005218982696533,911.0,0.0,1967.5862283780787
513,46201.0,0.31328490376472473,-0.15491832792758942,0.13766756653785706,-0.29714179039001465,916.0,0.0,822.7519494985257
514,46265.0,0.30699798464775085,-0.15448510646820068,0.1378472000360489,-0.2916806638240814,916.0,514.1074113230218,382.2501248457522
515,46817.0,0.19227346777915955,0.021631324663758278,0.16338612139225006,-0.20536752045154572,914.0,1753.5125339238912,757.6887803045468
516,46951.0,0.26793161034584045,-0.12554198503494263,0.14216819405555725,-0.2599312961101532,924.0,688.5405499332703,848.4427369305937
517,46432.0,0.3288615643978119,-0.17600500583648682,0.14104430377483368,-0.31160807609558105,920.0,86.12877136025898,811.2307216648351
518,46246.0,0.34462282061576843,-0.1761084944009781,0.14727090299129486,-0.32289940118789673,927.0,0.0,620.1162749544841
519,46336.0,0.34092360734939575,-0.1860148161649704,0.1380283236503601,-0.31809115409851074,929.0,1110.9857481190284,702.4989395185773
520,46465.0,0.34055888652801514,-0.18863792717456818,0.1439998894929886,-0.32016700506210327,925.0,492.8348694901571,428.1506088380836
521,46523.0,0.2432735413312912,-0.0959271565079689,0.12352792173624039,-0.2308546006679535,930.0,2.7261561153256357,1128.9090840379263
522,46639.0,0.19423775374889374,-0.0595279224216938,0.10430891811847687,-0.18287770450115204,930.0,279.00126725304733,747.4037413555665
523,46855.0,0.22565418481826782,-0.10024159401655197,0.11431445926427841,-0.21459051966667175,938.0,503.5504893075543,774.6565283886634
524,47371.0,0.10723210871219635,0.026239264756441116,0.14583922922611237,-0.12769706547260284,939.0,3109.2692574846933,186.18778531514528
525,47556.0,0.25950005650520325,-0.10413049906492233,0.14572496712207794,-0.25383126735687256,936.0,2050.359490097895,860.5169687709566
526,47534.0,0.20552538335323334,-0.07414022833108902,0.15278860926628113,-0.2245834916830063,935.0,2407.007762018093,226.2796743367037
527,47359.0,0.19336675107479095,-0.02095087245106697,0.1422179937362671,-0.20250262320041656,937.0,2723.460979339058,378.3006263771307
528,47566.0,0.16552244126796722,-0.03386200964450836,0.1419716775417328,-0.19371040165424347,935.0,3565.1979812809377,303.16814498891466
529,47542.0,0.11049901694059372,0.008305647410452366,0.16565407812595367,-0.13523001968860626,930.0,3371.3103530950534,772.0847472603757
530,47626.0,0.13556110858917236,-0.022795522585511208,0.14407488703727722,-0.15250326693058014,932.0,2924.0203185643104,1240.3524466974302
531,47727.0,0.1447780579328537,-0.03613041341304779,0.14065682888031006,-0.1552814245223999,927.0,2798.3076407043527,694.7156282651267
532,47605.0,0.15799513459205627,-0.027669137343764305,0.19951565563678741,-0.1766868233680725,924.0,3512.8406002216097,307.86203053718253
533,47876.0,0.12126778066158295,-0.011337426491081715,0.16288842260837555,-0.13957318663597107,920.0,3951.7785230193363,900.204109487304
534,48037.0,0.09532076120376587,0.01457624789327383,0.14006081223487854,-0.12491580843925476,918.0,3210.2975536808167,1607.45757815065
535,47889.0,0.13870087265968323,-0.010922611691057682,0.15395301580429077,-0.15209989249706268,919.0,3190.97829427966,893.0289128901338
536,47636.0,0.1037822887301445,0.012924515642225742,0.1415807455778122,-0.12788687646389008,923.0,3074.744707047775,495.27574887519233
537,47506.0,0.15267057716846466,-0.029895521700382233,0.13616161048412323,-0.17078907787799835,923.0,2337.2181451772594,549.9880301093056
538,47875.0,0.19313012063503265,-0.03553800657391548,0.14403824508190155,-0.20731988549232483,923.0,254.3628963306025,154.6748609880219
539,47703.0,0.23937223851680756,-0.11253205686807632,0.1378001719713211,-0.24168987572193146,926.0,2316.845487133486,100.44215603688609
540,47018.0,0.31591975688934326,-0.13697449862957,0.14748066663742065,-0.302541583776474,928.0,5.453355810761195,493.2041861464774
541,46788.0,0.34502631425857544,-0.18416740000247955,0.15438072383403778,-0.32904183864593506,930.0,0.0,146.78921870707728
542,46692.0,0.3093199133872986,-0.15178373456001282,0.15410657227039337,-0.2982481122016907,932.0,722.5462850484655,0.0
543,47226.0,0.18418213725090027,-0.031162941828370094,0.15056884288787842,-0.20084503293037415,930.0,0.0,0.0
544,48071.0,0.1280515491962433,0.06193399056792259,0.2355494499206543,-0.19160223007202148,907.0,1464.2521107628756,2.9342023033660922
545,47920.0,0.11458753049373627,0.061064716428518295,0.22301609814167023,-0.17520250380039215,912.0,415.55623875721125,533.2377533973346
546,47174.0,0.10513585060834885,-0.03398332744836807,0.12052011489868164,-0.11807169765233994,910.0,3813.7795485892707,696.4701688844424
547,46583.0,0.24508284032344818,-0.12432751059532166,0.11596707254648209,-0.2315143644809723,910.0,455.445318128471,1070.5497315437995
548,46615.0,0.31209808588027954,-0.15114322304725647,0.13899016380310059,-0.2986191213130951,912.0,573.0258136128421,154.29918922238397
549,47151.0,0.22033242881298065,-0.0463690310716629,0.1436053216457367,-0.2146979570388794,915.0,1972.496122888107,289.4324013461428
550,46868.0,0.24753867089748383,-0.09894345700740814,0.13157792389392853,-0.24176549911499023,918.0,655.8617210369661,664.8776237073602
551,46312.0,0.2923763692378998,-0.14608146250247955,0.12759025394916534,-0.2767290771007538,914.0,88.31009645012469,942.8843944096286
552,45986.0,0.36209818720817566,-0.202726811170578,0.15075017511844635,-0.33843809366226196,919.0,0.0,236.56087871513066
553,46093.0,0.33913686871528625,-0.17013011872768402,0.14418648183345795,-0.3140676021575928,919.0,0.0,401.83415575351927
554,46265.0,0.318626344203949,-0.16605216264724731,0.13629209995269775,-0.30038875341415405,926.0,1116.2402326223664,668.7746120134303
555,46589.0,0.260159969329834,-0.10589569807052612,0.12269409745931625,-0.24611513316631317,929.0,1326.7654636843945,409.6919010893225
556,46904.0,0.17941664159297943,-0.02919476106762886,0.12487732619047165,-0.18310202658176422,935.0,1983.9614936471605,454.51798018294113
557,47080.0,0.21904927492141724,-0.12178004533052444,0.09819211810827255,-0.20314772427082062,932.0,1480.6487905025667,1208.393484547181
558,47590.0,0.11227333545684814,0.0339522548019886,0.14811094105243683,-0.1461390256881714,932.0,4977.254850144472,476.5626091653035
559,47726.0,0.17802149057388306,0.0078064254485070705,0.15675516426563263,-0.2073572278022766,937.0,2622.525852792797,328.18290898675826
560,47780.0,0.17575250566005707,-0.02768123894929886,0.1697971075773239,-0.2145121842622757,940.0,3027.360481418032,703.8949927087511
561,47385.0,0.17126743495464325,-0.061144910752773285,0.1492980420589447,-0.1854744851589203,937.0,2233.498655126137,769.5886620734082
562,47385.0,0.14166538417339325,-0.03673072159290314,0.1405775099992752,-0.15300482511520386,928.0,2601.0251774554467,745.8635063442506
563,47349.0,0.14668166637420654,-0.010641110129654408,0.14910192787647247,-0.16082748770713806,928.0,2514.1837881613915,756.6721602951043
564,47075.0,0.13490577042102814,-0.02520892396569252,0.14008595049381256,-0.14829427003860474,926.0,3944.8372919683466,388.58031307109525
565,47158.0,0.11020203679800034,-0.005367808043956757,0.11385353654623032,-0.12656725943088531,920.0,3091.882750934539,823.3607867457973
566,47516.0,0.16088303923606873,-0.031026417389512062,0.13938014209270477,-0.16766653954982758,923.0,3967.528648868241,853.8751814622613
567,47945.0,0.11353570967912674,-0.009968960657715797,0.12886196374893188,-0.1284373700618744,916.0,3143.488475208834,1086.4483265082072
568,48009.0,0.08238476514816284,0.02767278626561165,0.1495397388935089,-0.11054579168558121,916.0,3520.999911734986,660.2532449379606
569,47902.0,0.16199412941932678,-0.04726872593164444,0.14183107018470764,-0.17133189737796783,922.0,646.2805346652644,622.5559047295433
570,47829.0,0.20574945211410522,-0.04809030517935753,0.16580435633659363,-0.22514641284942627,921.0,1197.2981900432583,561.4424114142953
571,48171.0,0.1438458412885666,0.017627691850066185,0.1840193122625351,-0.1787162572145462,918.0,3680.847083735281,86.46720361019061
572,47912.0,0.1195128783583641,-0.012417823076248169,0.21474426984786987,-0.1561858355998993,924.0,1846.5100083905204,144.65600279661354
573,47585.0,0.2255553901195526,-0.08888889104127884,0.142368882894516,-0.2247687429189682,929.0,619.865814657072,309.8602612059318
574,46654.0,0.334499716758728,-0.17267999053001404,0.14330776035785675,-0.3189845383167267,926.0,0.0,118.40414088100594
575,46192.0,0.3306451737880707,-0.17372576892375946,0.14298060536384583,-0.3125821053981781,926.0,0.0,104.66972017724919
576,46694.0,0.21440501511096954,-0.08344842493534088,0.11877229809761047,-0.2116408497095108,934.0,128.82424736129332,319.8462272390816
577,46845.0,0.20036078989505768,-0.09593860805034637,0.11541841924190521,-0.19550837576389313,935.0,215.44318830286932,263.45487344098143
578,47813.0,0.1542392522096634,-0.0266755148768425,0.14901745319366455,-0.17212121188640594,910.0,3662.1518042693583,27.737299654408066
579,47705.0,0.0916316881775856,0.01797647774219513,0.15317364037036896,-0.12540686130523682,910.0,2606.5102387481616,921.6409854848288
580,47139.0,0.07392410188913345,-0.001939021167345345,0.15979893505573273,-0.113712377846241,912.0,1474.3927725556296,1094.511875485273
581,47211.0,0.17334681749343872,-0.05701477825641632,0.13504327833652496,-0.18059846758842468,911.0,4119.205554057143,615.7155360334227
582,47360.0,0.12561558187007904,0.02548293024301529,0.16043289005756378,-0.131832554936409,912.0,1394.8971347692839,1289.6678048534923
583,47327.0,0.128634512424469,0.012488408014178276,0.1702696681022644,-0.16179947555065155,913.0,1684.5948960143223,548.2212130595865
584,46480.0,0.24263744056224823,-0.10682016611099243,0.1151207908987999,-0.23060719668865204,917.0,137.03030907040835,3.414110595599195
585,46089.0,0.3094642460346222,-0.1468837857246399,0.14189209043979645,-0.290861576795578,916.0,0.0,648.039143443898
586,45892.0,0.300831139087677,-0.14244195818901062,0.13314145803451538,-0.27642062306404114,921.0,0.0,652.8060978625416
587,45853.0,0.3288855254650116,-0.1732262372970581,0.13661478459835052,-0.30752304196357727,922.0,0.0,903.9589526765942
588,45889.0,0.33040180802345276,-0.18049108982086182,0.1360967457294464,-0.3089173138141632,923.0,0.0,580.5781100534175
589,46583.0,0.2775261104106903,-0.12105917930603027,0.12713806331157684,-0.2639332711696625,936.0,2043.1558996598503,739.0319558783812
590,47678.0,0.16390179097652435,-0.05337437242269516,0.11561122536659241,-0.16607803106307983,933.0,1449.0482986096176,924.8345637543592
591,47601.0,0.09281114488840103,-0.0266269464045763,0.19750526547431946,-0.1249537244439125,928.0,4952.320879720823,769.6929382937017
592,47347.0,0.2011338174343109,-0.08905943483114243,0.1282850056886673,-0.20165419578552246,931.0,1412.4915010429763,1749.8418853511457
593,47486.0,0.13428935408592224,-0.014736194163560867,0.17784540355205536,-0.15603533387184143,931.0,3840.7561080535997,310.7974129132793
594,47547.0,0.09571797400712967,-0.005842638202011585,0.17077887058258057,-0.12434236705303192,931.0,2786.9409893010206,60.060244590935724
595,47532.0,0.1318323016166687,-0.017587419599294662,0.13730867207050323,-0.1651727557182312,931.0,3086.061863788322,1053.7168858113728
596,47158.0,0.24529974162578583,-0.11157269775867462,0.14761967957019806,-0.24765005707740784,930.0,4329.040716295049,776.0961553066742
597,47147.0,0.17601674795150757,-0.039015840739011765,0.15173879265785217,-0.19833782315254211,920.0,3674.657546325297,489.08586033531606
598,46904.0,0.27318277955055237,-0.12942814826965332,0.14307789504528046,-0.25868695974349976,920.0,1795.1682843176193,695.5944491854912
599,47055.0,0.3247934877872467,-0.14459989964962006,0.14991144835948944,-0.31025049090385437,921.0,1884.5243179893853,570.0946480496868
600,47565.0,0.1787451207637787,-0.028585458174347878,0.1267850548028946,-0.1769474595785141,920.0,2426.7003242019255,724.2816499627199
601,47643.0,0.1600080281496048,-0.040706053376197815,0.12651558220386505,-0.16816949844360352,914.0,2406.505845667657,217.83974950757568
602,47834.0,0.13159745931625366,0.009659643284976482,0.15789462625980377,-0.1557842195034027,916.0,4385.747158402215,427.34573952744205
603,47903.0,0.11064469814300537,-0.04077498987317085,0.20767992734909058,-0.14397263526916504,917.0,3716.5779440050264,504.7068745262256
604,48086.0,0.17614634335041046,-0.06414657831192017,0.12505722045898438,-0.18342576920986176,920.0,104.86258782620276,820.3381669108815
605,48043.0,0.07826678454875946,0.03521769866347313,0.1512933224439621,-0.1060776486992836,923.0,527.950752062263,501.85867543024796
606,47435.0,0.1954948902130127,-0.0421709343791008,0.1329173892736435,-0.20949554443359375,927.0,843.7383755779495,741.3091608297244
607,47093.0,0.2236039936542511,0.04949262738227844,0.20109225809574127,-0.21986456215381622,929.0,706.0234983431773,734.2395986121995
608,46988.0,0.24972252547740936,-0.05846963822841644,0.1609710454940796,-0.24575896561145782,931.0,789.263606598271,678.0116319603077
609,46709.0,0.260541707277298,-0.08944603055715561,0.13667699694633484,-0.2581698000431061,938.0,2596.5157946517593,584.2461346100698
610,46876.0,0.1413501352071762,-0.014229835011065006,0.14504848420619965,-0.1653171181678772,935.0,3756.40817625166,316.8814752687282
611,46985.0,0.19295530021190643,-0.07218647003173828,0.1348622441291809,-0.19866210222244263,934.0,480.121593022634,526.7476855928043
612,47509.0,0.12003926932811737,-0.0008435401832684875,0.14491453766822815,-0.15084969997406006,912.0,5087.807923729559,377.45510855171005
613,47507.0,0.13111619651317596,-0.02671612799167633,0.14695537090301514,-0.15316693484783173,912.0,3018.4614065255137,1202.967043347279
614,47011.0,0.22389546036720276,-0.10343398153781891,0.1339312344789505,-0.22150833904743195,913.0,1874.166717456075,595.7404999976023
615,47301.0,0.1439497023820877,-0.0248369462788105,0.15405550599098206,-0.15705306828022003,914.0,1729.8970710789329,471.3149504823604
616,47383.0,0.204225093126297,-0.06726188212633133,0.14212125539779663,-0.21380668878555298,913.0,3957.62442647758,390.4226933838487
617,47280.0,0.09894668310880661,-0.012514987960457802,0.12372411042451859,-0.11265749484300613,912.0,2590.7444322169063,1066.092306448363
618,47088.0,0.1534581184387207,-0.0755714476108551,0.1112143024802208,-0.15974347293376923,914.0,1311.637277693289,328.14461282508177
619,46592.0,0.23411063849925995,-0.09781178086996078,0.1239827498793602,-0.22524024546146393,912.0,0.0,615.2539425189161
620,46385.0,0.26039955019950867,-0.08371925354003906,0.13894638419151306,-0.25756534934043884,919.0,0.0,390.04811704977107
621,46291.0,0.32627642154693604,-0.1650402545928955,0.14121484756469727,-0.3035550117492676,924.0,0.0,447.1181447487037
622,45869.0,0.3238923251628876,-0.17939525842666626,0.134992778301239,-0.3034539520740509,925.0,0.0,778.968106128365
623,46682.0,0.31486445665359497,-0.16009066998958588,0.14197076857089996,-0.3007219731807709,932.0,1331.664151242187,862.6111198258603
624,47858.0,0.11105726659297943,-0.009429462254047394,0.1260988712310791,-0.12037791311740875,935.0,4874.436718535629,1109.212405409258
625,47822.0,0.1326259970664978,-0.025667421519756317,0.1446721851825714,-0.15112069249153137,929.0,3451.566688339426,870.1395438123968
626,47395.0,0.15316419303417206,-0.043745145201683044,0.1204100027680397,-0.15680328011512756,929.0,2805.278511044495,1263.5391752671821
627,47671.0,0.15789057314395905,-0.05038759857416153,0.1314152479171753,-0.16801021993160248,935.0,1685.1290496340703,1232.4051010018609
628,47708.0,0.07465597242116928,0.0448460727930069,0.16899381577968597,-0.10474139451980591,929.0,3685.1262998319717,740.425287047072
629,47485.0,0.1333080679178238,-0.010371271520853043,0.14476944506168365,-0.15949445962905884,931.0,3839.299509450947,406.14793918250825
630,46900.0,0.3499675989151001,-0.1877593696117401,0.1523878276348114,-0.3268924653530121,926.0,1361.5022562356335,702.997479347598
631,46955.0,0.28255924582481384,-0.12556342780590057,0.1503044068813324,-0.2811961770057678,917.0,1889.1132876793115,538.9910319783417
632,46924.0,0.3652832508087158,-0.20069989562034607,0.16217075288295746,-0.3417721390724182,916.0,490.51822060121094,168.12909535425132
633,47585.0,0.08745437115430832,0.0850287452340126,0.2296292781829834,-0.1159350723028183,919.0,3748.4599908261707,423.4876420141711
634,47646.0,0.16659066081047058,-0.03130878880620003,0.14737455546855927,-0.16974662244319916,917.0,1983.7487199605932,457.53613159528066
635,47416.0,0.267157644033432,-0.11855688691139221,0.12018851935863495,-0.25210922956466675,916.0,1774.189815276562,751.3573776503711
636,47501.0,0.21174494922161102,-0.06921887397766113,0.1549936980009079,-0.2186880260705948,916.0,3778.9987921293473,212.26322479669383
637,47843.0,0.1759423464536667,-0.05740652605891228,0.14136575162410736,-0.19938425719738007,918.0,3826.2910151734545,142.2823848628685
638,48177.0,0.13080717623233795,-0.00636335788294673,0.14207637310028076,-0.1537921279668808,921.0,1574.6333213035832,499.20775611735314
639,47908.0,0.1281503289937973,-0.002751031657680869,0.15561366081237793,-0.15422022342681885,923.0,272.8309636336787,581.8438173521209
640,47226.0,0.25447916984558105,-0.09126253426074982,0.1312514692544937,-0.24909240007400513,928.0,34.174856658492224,424.51028818015305
641,47049.0,0.24929852783679962,-0.04881175979971886,0.1690526008605957,-0.25027546286582947,931.0,1440.7302371739743,556.4836417936741
642,47025.0,0.21754798293113708,-0.05792662128806114,0.13449887931346893,-0.21583352982997894,933.0,0.0,17.875823156916613
643,46827.0,0.2342325747013092,-0.061444710940122604,0.14847339689731598,-0.24837626516819,940.0,695.1854301366279,75.48615795895293
644,46851.0,0.16873939335346222,-0.010878865607082844,0.16912594437599182,-0.19134223461151123,939.0,2408.8147253849006,744.7990797718766
645,46926.0,0.1689172089099884,-0.050890255719423294,0.15933644771575928,-0.18578316271305084,938.0,873.1095816167026,210.43835177303424
646,47371.0,0.14918269217014313,-0.05088406056165695,0.15095137059688568,-0.16048738360404968,914.0,3106.9857644654076,643.4741270165628
647,47517.0,0.10958117991685867,-0.0016919305780902505,0.14308898150920868,-0.1268645077943802,912.0,3248.5620472729165,1384.2890561306783
648,47313.0,0.16934791207313538,-0.049549397081136703,0.14650200307369232,-0.18317092955112457,912.0,2443.86420044843,482.32086457713905
649,47333.0,0.13364574313163757,-0.03733556717634201,0.16538649797439575,-0.16063633561134338,915.0,2598.6009601760506,671.2725501437467
650,47280.0,0.13855630159378052,-0.03095586784183979,0.13716396689414978,-0.15944643318653107,916.0,4853.063868176106,502.157760738759
651,47326.0,0.15841396152973175,-0.04404623433947563,0.14229875802993774,-0.1811358779668808,924.0,3537.6477809848952,637.59812127839
652,47349.0,0.14526189863681793,-0.013230503536760807,0.1508115530014038,-0.15585893392562866,918.0,1571.1141522076525,895.8158297415152
653,46715.0,0.2838476598262787,-0.15039145946502686,0.1211841031908989,-0.2664942741394043,919.0,0.0,683.2513398809335
654,46427.0,0.28476467728614807,-0.13278092443943024,0.13515669107437134,-0.2755063474178314,922.0,0.0,550.1206377642646
655,46518.0,0.35080015659332275,-0.19491524994373322,0.14878612756729126,-0.3258298933506012,922.0,0.0,875.552842027364
656,46390.0,0.3388276994228363,-0.19050905108451843,0.1429510861635208,-0.3127264678478241,926.0,0.0,1350.7222868416968
657,47168.0,0.20411771535873413,-0.062473997473716736,0.13378965854644775,-0.20161543786525726,927.0,1495.0580762704749,1322.4157600715448
658,47471.0,0.16163213551044464,0.0006014371174387634,0.16004833579063416,-0.17124202847480774,926.0,4619.02672026989,1138.9610822160957
659,47471.0,0.06760471314191818,0.07656165957450867,0.20901142060756683,-0.10144829750061035,929.0,3113.982164965471,1018.5613977293394
660,47394.0,0.09256413578987122,-0.007448857184499502,0.13202551007270813,-0.11063931882381439,929.0,2432.8832806728888,570.3127669436285
661,47658.0,0.14963673055171967,-0.0384695939719677,0.13762310147285461,-0.1672748625278473,927.0,1582.2444613342454,1185.3346707873657
662,47709.0,0.14637582004070282,-0.000756668159738183,0.16474977135658264,-0.1642031967639923,920.0,3160.688282523175,937.9828214611525
663,47342.0,0.2570722997188568,-0.09848041087388992,0.16767749190330505,-0.25561076402664185,921.0,2632.893428581129,916.7086735494177
664,47040.0,0.25602421164512634,-0.1045403778553009,0.1425716131925583,-0.2604033946990967,919.0,2529.9619158570513,696.6593818171606
665,47126.0,0.27942803502082825,-0.13961198925971985,0.14848750829696655,-0.27057790756225586,917.0,802.2085284225907,207.90252274255312
666,47385.0,0.17658942937850952,0.0370962992310524,0.2026536464691162,-0.22318585216999054,912.0,432.64045957414703,78.09843253066931
667,47961.0,0.1455802172422409,-0.0032494424376636744,0.16083618998527527,-0.17415457963943481,912.0,2095.264879058979,441.35518301767536
668,48132.0,0.13417759537696838,0.018385188654065132,0.15944457054138184,-0.15454408526420593,913.0,3858.962102365067,444.71359214724777
669,47405.0,0.21535854041576385,-0.052362095564603806,0.13133984804153442,-0.21296769380569458,917.0,690.9942133401181,323.27155392832157
670,47225.0,0.22566691040992737,-0.06579555571079254,0.14066818356513977,-0.23480388522148132,919.0,2060.225924629592,66.3516631438476
671,47580.0,0.2815228998661041,-0.1383596807718277,0.14885511994361877,-0.2812888026237488,922.0,1537.2689909139083,329.5241027125121
672,48420.0,0.07280094921588898,0.037937406450510025,0.17497935891151428,-0.12392036616802216,929.0,967.2887518211362,221.13058101621988
673,47966.0,0.1599521040916443,-0.02384134754538536,0.16761435568332672,-0.1891404092311859,930.0,1546.1067399146561,862.655716379295
674,46847.0,0.12095079571008682,0.006646758411079645,0.1581912636756897,-0.1546730399131775,935.0,2104.5180294635156,379.8579257519318
675,46720.0,0.22997455298900604,-0.08395183831453323,0.1462649554014206,-0.23794454336166382,938.0,1153.1577722869267,503.2862832317896
676,46693.0,0.28268641233444214,-0.10936231166124344,0.15702936053276062,-0.28264009952545166,937.0,1003.7268426430429,263.34572244320674
677,47033.0,0.19748491048812866,-0.0532706119120121,0.15909378230571747,-0.21799537539482117,938.0,2141.7372892485687,112.33407714800157
678,47018.0,0.13312946259975433,-0.05050275847315788,0.11886260658502579,-0.13860777020454407,941.0,2896.374781430143,885.7557306618972
679,47020.0,0.15372861921787262,-0.0492103286087513,0.14591281116008759,-0.17171946167945862,939.0,1720.171574777645,0.0
680,47284.0,0.17148391902446747,-0.04389616474509239,0.14260321855545044,-0.17577096819877625,915.0,3520.9076706375954,316.15397704175007
681,47342.0,0.18858014047145844,-0.05333854630589485,0.12458730489015579,-0.18772287666797638,913.0,3177.249657042726,1032.1176337159523
682,47357.0,0.18914909660816193,-0.06464914977550507,0.13303467631340027,-0.19026410579681396,912.0,3357.428185118685,940.1696563870172
683,47335.0,0.19191616773605347,-0.06323028355836868,0.14623159170150757,-0.19846466183662415,916.0,3089.0589158658695,248.28675643426942
684,47318.0,0.17170283198356628,-0.0484275259077549,0.14790159463882446,-0.18430987000465393,918.0,4713.854264746309,389.9352217420095
685,47529.0,0.20523223280906677,-0.0472080372273922,0.14401374757289886,-0.21811771392822266,925.0,4887.444422634299,205.3102696950385
686,47836.0,0.07967119663953781,0.04254573583602905,0.13638901710510254,-0.11683427542448044,927.0,4509.9126746664415,854.392923705496
687,47398.0,0.19516713917255402,-0.11187710613012314,0.11947860568761826,-0.19468599557876587,923.0,593.8418214374221,1111.2744543481472
688,46981.0,0.2796090841293335,-0.1449664980173111,0.11881835758686066,-0.25586697459220886,922.0,0.0,1208.4141629201742
689,47399.0,0.10209094732999802,0.028626099228858948,0.2609577178955078,-0.1258571892976761,924.0,2297.885996652675,945.1681547261721
690,47431.0,0.08360211551189423,0.06022724509239197,0.2648846507072449,-0.11514510959386826,934.0,1511.4782676126977,372.8217925510317
691,47183.0,0.3031419813632965,-0.13285958766937256,0.15121173858642578,-0.2900545597076416,930.0,1471.0580707161337,912.6858793123184
692,47185.0,0.15950852632522583,-0.06415780633687973,0.1504998654127121,-0.18187595903873444,925.0,2382.3940960930986,816.8054063863048
693,47241.0,0.2723337709903717,-0.11918595433235168,0.14612266421318054,-0.2617399990558624,927.0,2687.407888549716,1215.778861622534
694,47265.0,0.2764180898666382,-0.1151040643453598,0.13788557052612305,-0.2589150667190552,925.0,2786.3536463500013,634.9193480893027
695,47475.0,0.16570086777210236,-0.054618969559669495,0.1430785059928894,-0.17383676767349243,925.0,1230.1440457378517,950.4565669523801
696,47700.0,0.18915332853794098,-0.05496711656451225,0.13479934632778168,-0.1925966441631317,921.0,4793.241077247484,495.09187743279887
697,47835.0,0.21326769888401031,-0.0872284397482872,0.15251050889492035,-0.22021500766277313,920.0,3814.377627645696,701.6204102753599
698,47847.0,0.07117477059364319,0.0397031307220459,0.15953655540943146,-0.10979543626308441,916.0,3349.6513522445757,819.8648395075677
699,47775.0,0.07083365321159363,0.02869420498609543,0.1453222781419754,-0.0986633226275444,914.0,2105.0525700281837,897.67583191397
700,47640.0,0.27906545996665955,-0.13137608766555786,0.14642208814620972,-0.27401003241539,913.0,1707.0929066275942,591.6901494270696
701,48085.0,0.19390541315078735,-0.03132668510079384,0.15873746573925018,-0.20659184455871582,913.0,3959.341901758775,217.95855658590762
702,48119.0,0.16345980763435364,0.05572258308529854,0.18994639813899994,-0.16012193262577057,914.0,4153.874790483082,404.8717463838701
703,47269.0,0.2735496461391449,-0.1101968064904213,0.1294928342103958,-0.25928518176078796,918.0,2235.677899779661,164.83839058275782
704,47063.0,0.3055255711078644,-0.12834860384464264,0.1456400454044342,-0.28893133997917175,921.0,3162.331785460771,365.89290937717294
705,47467.0,0.23220591247081757,-0.09079541265964508,0.12898898124694824,-0.2330767959356308,926.0,518.768413996685,544.3748758661326
706,48337.0,0.07336947321891785,0.03627007082104683,0.1792852133512497,-0.11566480994224548,927.0,3216.667450486758,0.0
707,47888.0,0.08855363726615906,0.0731320008635521,0.1909530609846115,-0.14966058731079102,929.0,2486.9804342422867,665.1032286605038
708,46801.0,0.21340319514274597,-0.0816255435347557,0.13241340219974518,-0.21183958649635315,934.0,2194.3586932990015,108.79525061095924
709,46877.0,0.206868976354599,-0.04311195760965347,0.1435718536376953,-0.22010932862758636,940.0,2525.0893318032513,196.08972440589332
710,46944.0,0.24649891257286072,-0.08837856352329254,0.14309793710708618,-0.239162415266037,940.0,1110.3573384278866,168.26921912069446
711,47187.0,0.13861717283725739,-0.04203682765364647,0.14818818867206573,-0.15852412581443787,940.0,3799.750593801012,491.7645052702655
712,47191.0,0.1617334485054016,-0.03230375051498413,0.14264371991157532,-0.1802760362625122,939.0,3278.169852368881,983.8580715889282
713,47218.0,0.18515796959400177,-0.015998993068933487,0.15668055415153503,-0.20162402093410492,938.0,1986.2820380243468,0.7096541305155198
714,47461.0,0.13489747047424316,-0.01971869356930256,0.14433148503303528,-0.15170398354530334,921.0,4052.83178534014,757.8333158387056
715,47479.0,0.1154337227344513,0.0022505121305584908,0.15073491632938385,-0.1326596736907959,921.0,5313.629876476305,165.08891140841425
716,47327.0,0.1709466129541397,-0.02850906178355217,0.14696893095970154,-0.1892615407705307,916.0,3258.535979190731,501.0832078685696
717,47254.0,0.15464340150356293,-0.0598631277680397,0.11811768263578415,-0.158487468957901,921.0,2598.3469722377195,1214.58262272228
718,47342.0,0.14242878556251526,-0.039890825748443604,0.13610465824604034,-0.16504625976085663,920.0,2658.805843324348,706.1214023647718
719,47692.0,0.09865759313106537,0.022343361750245094,0.15440624952316284,-0.11754750460386276,925.0,3911.820981523099,684.8641307542467
720,47868.0,0.10736009478569031,0.0005147033371031284,0.14465312659740448,-0.13175584375858307,927.0,4203.14172668051,906.4075954043585
721,47597.0,0.12764179706573486,-0.03124522604048252,0.11286595463752747,-0.13513286411762238,928.0,112.62264395237524,1731.78946626284
722,47445.0,0.248472660779953,-0.09916596114635468,0.1340194195508957,-0.24294568598270416,930.0,1619.9942585074086,853.258992775197
723,47500.0,0.3873683512210846,-0.11375968903303146,0.22889384627342224,-0.35967350006103516,931.0,2577.0987624000745,0.0
724,47612.0,0.34772226214408875,-0.08667709678411484,0.23240947723388672,-0.327316015958786,935.0,4049.2852879779716,7.049846035826485
725,47252.0,0.2802285850048065,-0.1395341008901596,0.13652263581752777,-0.269972026348114,929.0,1476.6713334800816,725.6612266853728
726,47085.0,0.22381538152694702,-0.07160992175340652,0.1266629546880722,-0.21955274045467377,928.0,2499.88397471061,65.3790081575181
727,47247.0,0.2696716785430908,-0.11214376240968704,0.14666348695755005,-0.2624123990535736,929.0,3187.799497338344,724.3222568930031
728,47352.0,0.14127801358699799,-0.019971339032053947,0.18257352709770203,-0.16545309126377106,926.0,2923.4946984175476,138.09376759235752
729,47524.0,0.135948047041893,-0.006247727200388908,0.15276798605918884,-0.1482459455728531,922.0,2256.7964168210397,1092.9625988657158
730,47722.0,0.1818810999393463,-0.056510381400585175,0.13934850692749023,-0.18420343101024628,915.0,3117.8226233061664,581.9223417457723
731,48081.0,0.0826876237988472,0.035455018281936646,0.1632782369852066,-0.11463990062475204,915.0,4567.959538873687,765.3590128133028
732,48181.0,0.07993888109922409,0.024276912212371826,0.1508801132440567,-0.11608380824327469,914.0,4369.46438781752,734.2145162044815
733,48097.0,0.1713205873966217,-0.021602073684334755,0.15641255676746368,-0.190142422914505,910.0,3180.7854237342613,370.9816986317446
734,47800.0,0.17255373299121857,-0.04459025338292122,0.14787791669368744,-0.1824623942375183,909.0,1869.1029505233053,827.7378015602117
735,48027.0,0.15399551391601562,-0.02913016825914383,0.14463257789611816,-0.1684977412223816,916.0,2297.485900970959,927.004509703485
736,47944.0,0.1806987076997757,-0.037129972130060196,0.14128074049949646,-0.18568770587444305,917.0,2674.6235673371857,782.6184294999505
737,47172.0,0.32494279742240906,-0.15994571149349213,0.14582931995391846,-0.3081408143043518,921.0,1087.3333129343603,994.4367817235761
738,47338.0,0.22163629531860352,-0.06832592934370041,0.13588178157806396,-0.22182579338550568,926.0,1303.3776040645803,400.26973920364486
739,47736.0,0.10657500475645065,-0.023777684196829796,0.16785745322704315,-0.1284153014421463,929.0,1452.965255954765,243.0912112279072
740,47817.0,0.08587111532688141,0.022506514564156532,0.15040706098079681,-0.11131632328033447,927.0,1111.1117168409805,398.6789985842645
741,46988.0,0.24779291450977325,-0.10652165859937668,0.12262485176324844,-0.23408794403076172,934.0,1089.6067483700967,455.4185649538539
742,46779.0,0.31362196803092957,-0.15341567993164062,0.13820777833461761,-0.2954959571361542,938.0,542.7302156669328,1082.762038701558
743,47233.0,0.2353893667459488,-0.073531873524189,0.1370311677455902,-0.2353893667459488,942.0,3095.4028355899645,150.72086186909178
744,47380.0,0.1390937864780426,-0.01393541507422924,0.14781047403812408,-0.15756462514400482,943.0,4442.631821776169,725.9680231121962
745,47387.0,0.1317172795534134,-0.007473740726709366,0.1455657035112381,-0.15584565699100494,937.0,3997.526707725559,310.60344484486836
746,47621.0,0.12789390981197357,0.01755530945956707,0.15269695222377777,-0.14911644160747528,933.0,4106.751098633196,659.461504226511
747,47657.0,0.1152179017663002,-0.0025504783261567354,0.13305705785751343,-0.13946372270584106,931.0,1399.0749576667044,179.56817586382346
748,47503.0,0.1399655044078827,-0.018425919115543365,0.1428120732307434,-0.15095216035842896,918.0,3869.425488039851,769.2374139480166
749,47599.0,0.11378464847803116,0.014022435992956161,0.15039102733135223,-0.13584615290164948,918.0,4190.780470921273,531.5856923668955
750,47355.0,0.18024633824825287,-0.045969489961862564,0.13424205780029297,-0.1907954066991806,918.0,3829.5492750033864,543.8996139647641
751,46983.0,0.249796524643898,-0.12547555565834045,0.12974350154399872,-0.24353091418743134,921.0,2472.498491311606,993.1038404904895
752,47236.0,0.2381337583065033,-0.08467806875705719,0.15309281647205353,-0.23631557822227478,922.0,3512.572298909172,627.3761279815668
753,47747.0,0.14813487231731415,-0.012934007681906223,0.1918991357088089,-0.19850365817546844,920.0,838.3367165638829,448.11587815711925
754,47703.0,0.18146295845508575,-0.04025723412632942,0.15569357573986053,-0.20824618637561798,924.0,1039.300224985929,1162.871034170967
755,47578.0,0.15050223469734192,-0.03420628607273102,0.11263008415699005,-0.16061218082904816,923.0,65.95021755035961,1132.5868100129926
756,47435.0,0.23126313090324402,-0.10700923204421997,0.12854042649269104,-0.22014060616493225,926.0,1314.737288485136,481.613225425218
757,47851.0,0.16860073804855347,-0.02052958495914936,0.1537603735923767,-0.1760849952697754,928.0,4962.780333764692,128.9221082846842
758,48112.0,0.1147342100739479,0.038146961480379105,0.1533610224723816,-0.1322062611579895,936.0,3767.733805216207,196.67816122767658
759,47571.0,0.3385009169578552,-0.18025177717208862,0.15225745737552643,-0.3221510052680969,927.0,1271.7868973811776,716.2935083640265
760,47477.0,0.1503959745168686,-0.015958799049258232,0.16353239119052887,-0.17225441336631775,924.0,4171.594104430595,795.4989563620198
761,47505.0,0.2295081913471222,-0.0797424465417862,0.1442759931087494,-0.23163841664791107,928.0,3250.674480032422,398.48981075145105
762,47487.0,0.14732211828231812,-0.03675035014748573,0.13674794137477875,-0.16567350924015045,927.0,3380.8805962565634,497.5456168686645
763,47745.0,0.209929421544075,-0.08248483389616013,0.12780992686748505,-0.20935393869876862,922.0,1720.5139966237946,744.0560904627923
764,47849.0,0.14092878997325897,-0.024094726890325546,0.1434219777584076,-0.1586572229862213,914.0,3608.008027443749,928.835596610094
765,48029.0,0.10239315778017044,0.03835681080818176,0.14673036336898804,-0.1260874718427658,911.0,3957.0078334675077,1179.768406676808
766,48132.0,0.18827785551548004,-0.032765235751867294,0.15948636829853058,-0.207588791847229,910.0,2644.1716953078835,764.3804402921231
767,48046.0,0.12282808870077133,0.006013089325278997,0.15040645003318787,-0.14636015892028809,910.0,1896.7881830008782,317.0705905658801
768,47815.0,0.12497663497924805,0.003873018082231283,0.15353034436702728,-0.14609993994235992,910.0,1620.1772000597743,60.66090209413241
769,48072.0,0.12708649039268494,-0.005618738010525703,0.14621949195861816,-0.14843447506427765,917.0,2094.3378106461137,396.445169186181
770,47845.0,0.12668585777282715,-0.021817557513713837,0.14497657120227814,-0.14866170287132263,920.0,2351.204854694987,254.57630689053124
771,47499.0,0.19651047885417938,-0.07297902554273605,0.11844293028116226,-0.19274894893169403,925.0,701.3660636400175,487.397433618188
772,47919.0,0.27873340249061584,-0.09272536635398865,0.17465072870254517,-0.2757328450679779,928.0,552.1039870604303,902.6141171105135
773,48011.0,0.06780464947223663,0.04691656678915024,0.19485285878181458,-0.09792450070381165,926.0,155.88806027622684,37.17216597115716
774,47663.0,0.19198665022850037,-0.06431969255208969,0.1638105809688568,-0.2018049657344818,933.0,1395.3992251180664,451.705035128223
775,47432.0,0.24229367077350616,-0.10116540640592575,0.14990617334842682,-0.23768988251686096,934.0,944.7293491862877,25.570976393335037
776,47122.0,0.2166406214237213,-0.06245531886816025,0.14692305028438568,-0.23162692785263062,938.0,1142.4445350114172,862.7747679997217
777,47537.0,0.11704076081514359,0.0001928640267578885,0.16186738014221191,-0.14319318532943726,940.0,5094.753241250967,230.66145070007764
778,47648.0,0.08363409340381622,0.03304121643304825,0.17839495837688446,-0.1114828810095787,936.0,3282.528081861199,909.0531996265537
779,47484.0,0.09636688232421875,0.0010130245937034488,0.1289389282464981,-0.12412978708744049,937.0,3396.705037875847,442.8702903636014
780,47301.0,0.1472218930721283,-0.05849104002118111,0.13203205168247223,-0.17022623121738434,932.0,2933.269518063566,446.6320100014827
781,47316.0,0.185090571641922,-0.07329898327589035,0.1336822211742401,-0.19108378887176514,930.0,2211.1977489581036,42.75489979811419
782,47348.0,0.25348371267318726,-0.09573182463645935,0.15316681563854218,-0.26174694299697876,920.0,2114.198283087752,829.110021960288
783,47294.0,0.2048843652009964,-0.04894687980413437,0.14478079974651337,-0.21212352812290192,923.0,2590.3464084816824,914.0805819012663
784,47113.0,0.2422482967376709,-0.10358621925115585,0.1278361827135086,-0.23289819061756134,918.0,2263.674220477997,1027.6853635887664
785,46906.0,0.1463327705860138,-0.04271039739251137,0.1293189525604248,-0.1544293761253357,920.0,801.7556732772814,1156.670067502024
786,47042.0,0.14499789476394653,-0.050357695668935776,0.1438647210597992,-0.15115876495838165,922.0,1285.9949750461744,950.5315359880294
787,47758.0,0.14515520632266998,-0.025471733883023262,0.11536562442779541,-0.14939242601394653,921.0,904.68896742332,1431.086211087727
788,47696.0,0.17497962713241577,-0.061869338154792786,0.12146416306495667,-0.17704208195209503,922.0,2432.9854042214606,980.7005482064128
789,47601.0,0.1313723921775818,-0.026192529127001762,0.11671768873929977,-0.140560582280159,922.0,1677.2466656622844,950.5617946214521
790,47078.0,0.22508852183818817,-0.07821381837129593,0.134495809674263,-0.21835699677467346,921.0,823.3229468972111,92.42780467115759
791,47517.0,0.14798499643802643,0.014931900426745415,0.16588975489139557,-0.17152728140354156,924.0,1113.4921558700444,90.79050518074578
792,47840.0,0.1546509861946106,0.009921089746057987,0.15220659971237183,-0.1679864078760147,927.0,69.58002924140804,753.3364124954637
793,47560.0,0.17664726078510284,-0.03752744942903519,0.15613384544849396,-0.188707172870636,927.0,3018.8381055324444,379.9292957880389
794,47967.0,0.061408881098032,0.031611304730176926,0.14754419028759003,-0.08229231834411621,928.0,3848.645666798213,992.8277454106453
795,48042.0,0.06612519919872284,0.03418595716357231,0.14367450773715973,-0.09822802990674973,926.0,4355.727646648419,495.45224417446116
796,47700.0,0.22150537371635437,-0.08396946638822556,0.14593558013439178,-0.21741746366024017,926.0,3124.625003308049,580.7830802997089
797,48089.0,0.19807489216327667,-0.06202713027596474,0.14673355221748352,-0.20500700175762177,919.0,3696.079791918286,295.03589662334707
798,48548.0,0.13577918708324432,-0.024941304698586464,0.1462690830230713,-0.15193697810173035,914.0,2622.5552024289323,1144.4028697467438
799,48348.0,0.07518237084150314,0.03790048509836197,0.155270516872406,-0.10251125693321228,911.0,2373.7714416992644,1432.6296571735504
800,48083.0,0.10785870999097824,0.024216381832957268,0.15241394937038422,-0.12548024952411652,909.0,2660.852995040351,757.1408661469881
801,47988.0,0.14333894848823547,0.013506246730685234,0.15812471508979797,-0.1760181039571762,910.0,1756.2912967970187,596.1534795114271
802,48091.0,0.11951830238103867,0.022889163345098495,0.1644497662782669,-0.14501947164535522,912.0,3118.8089635387064,354.60609370492267
803,48206.0,0.14587639272212982,-0.01369484979659319,0.13771173357963562,-0.16320310533046722,916.0,2991.2971337345443,467.9066108096538
804,47879.0,0.17076422274112701,-0.0568455345928669,0.13331478834152222,-0.17292582988739014,919.0,1262.3707377617727,861.8685652520077
805,47847.0,0.14745084941387177,-0.03160575032234192,0.11588814854621887,-0.15422968566417694,928.0,2792.4100524166274,203.97765460480736
806,48175.0,0.18150614202022552,0.02787426859140396,0.20195861160755157,-0.1940060406923294,926.0,2057.8500195818715,686.815843705399
807,48118.0,0.08714327216148376,0.029316172003746033,0.16974443197250366,-0.10357314348220825,926.0,606.7256413227286,349.91027079905507
808,47909.0,0.15224963426589966,-0.019748883321881294,0.16091832518577576,-0.17206761240959167,933.0,2012.0891422818686,636.0052255726147
809,47588.0,0.16400395333766937,0.0042030783370137215,0.16964930295944214,-0.1926698535680771,934.0,0.0,56.03803205494399
810,47379.0,0.24088449776172638,-0.08654605597257614,0.1310749351978302,-0.2295081913471222,936.0,1356.7865079725875,781.2501449966068
811,47531.0,0.1684570461511612,-0.041342463344335556,0.12350666522979736,-0.17879611253738403,939.0,3600.5089923122687,256.62505241017817
812,47544.0,0.10226251184940338,0.005643226206302643,0.1467176079750061,-0.13882115483283997,939.0,3054.6690832346876,843.2121601631573
813,47414.0,0.08587358891963959,0.025544801726937294,0.15703745186328888,-0.12281899899244308,936.0,5100.261766073265,255.43055479613042
814,47154.0,0.15059851109981537,-0.036633800715208054,0.1412530541419983,-0.16065473854541779,932.0,4071.09344049949,324.03359544361126
815,47154.0,0.16060416400432587,-0.047320716083049774,0.1484728455543518,-0.17831434309482574,931.0,1637.8520780615745,81.20000715744138
816,47370.0,0.2586789131164551,-0.09736493229866028,0.17767848074436188,-0.2797253131866455,923.0,2357.082803905837,0.0
817,47303.0,0.2156062126159668,-0.07137145102024078,0.14498336613178253,-0.21455012261867523,923.0,2165.0311638716,387.0155546888878
818,47103.0,0.22967864573001862,-0.09665636718273163,0.1285509169101715,-0.22677981853485107,919.0,1980.5772369754084,339.0594747077742
819,47305.0,0.11559301614761353,-0.023050379008054733,0.14818063378334045,-0.12802952527999878,919.0,3082.936774785124,902.0495484498102
820,47557.0,0.12792779505252838,0.0018382353009656072,0.17083826661109924,-0.14075630903244019,919.0,3942.178693652797,501.45955737709437
821,48000.0,0.11641041934490204,0.03961130976676941,0.14220581948757172,-0.14281125366687775,918.0,4390.67193825891,779.1379408156567
822,47881.0,0.09241389483213425,0.026814348995685577,0.15633049607276917,-0.11538898944854736,921.0,3722.9475851075363,1665.7227044649387
823,47603.0,0.09212660789489746,-0.002634693868458271,0.11699455976486206,-0.110087089240551,922.0,160.13160603833978,1319.8764507855017
824,46747.0,0.2920101583003998,-0.15178066492080688,0.12315475195646286,-0.27115339040756226,927.0,139.25692990685994,643.3269356352204
825,47270.0,0.23007717728614807,-0.09007789939641953,0.11552149057388306,-0.22000737488269806,928.0,986.5708604640515,607.0759757716692
826,47515.0,0.17752349376678467,-0.0574721097946167,0.1214006319642067,-0.17493067681789398,928.0,1564.9616203765074,905.7755183504571
827,47689.0,0.13587741553783417,-0.01558725256472826,0.15106722712516785,-0.16334962844848633,924.0,4632.132173401538,355.20110458951893
828,48136.0,0.10759198665618896,0.0446784682571888,0.20120461285114288,-0.13962961733341217,923.0,4639.704388093636,718.6607018733401
829,48290.0,0.11876075714826584,0.015054188668727875,0.1546926647424698,-0.13831043243408203,923.0,4580.747544942187,674.814778047123
830,48204.0,0.09479475021362305,0.05635600909590721,0.18076302111148834,-0.11938845366239548,921.0,6427.822780813631,267.8285384879156
831,48292.0,0.08537013083696365,0.07393734157085419,0.245390385389328,-0.14174996316432953,914.0,8724.105210644868,15.424040643198996
832,48369.0,0.0792771652340889,0.033662863075733185,0.16834013164043427,-0.11379790306091309,910.0,4364.589935910128,984.7845149230658
833,48446.0,0.11592221260070801,0.01379611250013113,0.15089496970176697,-0.13047827780246735,910.0,3890.6040819229265,818.4080873741209
834,48241.0,0.08680965006351471,0.027862688526511192,0.13831794261932373,-0.11062941700220108,907.0,2966.7479350369226,1093.4722970569653
835,48174.0,0.10229136049747467,0.036844559013843536,0.1495029330253601,-0.12800905108451843,911.0,4892.747260927258,920.3183021200332
836,48395.0,0.06637255102396011,0.04612240567803383,0.139003187417984,-0.09324394911527634,916.0,4814.694309212883,663.881546166547
837,48279.0,0.08651048690080643,0.02930816262960434,0.15057194232940674,-0.0983245000243187,914.0,3887.1864429432194,1204.6754253113247
838,47838.0,0.2145703285932541,-0.08241205662488937,0.14437517523765564,-0.22330759465694427,921.0,1595.9257740747378,442.4570261671366
839,48141.0,0.1475667804479599,0.01702909730374813,0.1674138605594635,-0.17603518068790436,925.0,4305.449232311725,104.4601835904512
840,48410.0,0.09929392486810684,-0.010092145763337612,0.17591063678264618,-0.14474478363990784,925.0,1560.834682093108,588.6234338880402
841,48439.0,0.09642978757619858,0.005596950650215149,0.14559103548526764,-0.12104672193527222,928.0,278.5163044267145,385.9469402862135
842,47833.0,0.19669143855571747,-0.07453212887048721,0.155849888920784,-0.20587480068206787,933.0,1464.7642128006992,374.92501847943856
843,47486.0,0.16316740214824677,-0.07553355395793915,0.16638348996639252,-0.18048401176929474,934.0,2051.1934696773474,182.82003783539156
844,47394.0,0.15984591841697693,-0.06735460460186005,0.1376338005065918,-0.17453941702842712,937.0,2517.3467093181976,955.5866870540395
845,47341.0,0.2027551829814911,-0.06174197047948837,0.15242506563663483,-0.21932919323444366,935.0,3246.178123648731,359.0171103068236
846,47141.0,0.16691985726356506,-0.044092293828725815,0.14770564436912537,-0.19223198294639587,936.0,4517.712427201531,269.0809149348605
847,47091.0,0.2056998908519745,-0.05594520643353462,0.14389830827713013,-0.22135892510414124,933.0,2774.2617046528994,475.8856521762453
848,47295.0,0.13619863986968994,-0.023377472534775734,0.15646596252918243,-0.16356877982616425,930.0,3468.0370284156425,408.1689027452873
849,47581.0,0.26288142800331116,-0.100023552775383,0.1345285028219223,-0.2551729381084442,925.0,426.37270406557684,0.0
850,47736.0,0.06179586052894592,0.03615112975239754,0.15428359806537628,-0.0903220847249031,918.0,3003.6827979341874,0.0
851,47824.0,0.11132268607616425,0.02719387598335743,0.17503589391708374,-0.1441641002893448,919.0,2616.0181483301426,270.9411071541146
852,47632.0,0.15532858669757843,-0.01876869425177574,0.14499400556087494,-0.1910233199596405,920.0,1630.1441094857896,652.5249205165835
853,47631.0,0.16801036894321442,-0.0570119172334671,0.12166279554367065,-0.16678133606910706,919.0,2494.86695804418,1338.0847509158407
854,47754.0,0.14345099031925201,-0.02774510532617569,0.14010442793369293,-0.15116053819656372,923.0,3043.469556010494,927.0679103052178
855,47960.0,0.11813405156135559,-0.0005750820273533463,0.14766739308834076,-0.14408385753631592,916.0,3110.3300769879606,1214.6028966268148
856,47959.0,0.07522763311862946,0.04170289635658264,0.1693469136953354,-0.10157696157693863,925.0,4095.743792445056,1231.1197787056972
857,47403.0,0.15814048051834106,-0.04505303502082825,0.11872744560241699,-0.16295138001441956,921.0,527.6044193187765,561.7434784597523
858,46318.0,0.27639469504356384,-0.13369335234165192,0.11383873969316483,-0.25535354018211365,921.0,0.0,0.0
859,46847.0,0.30067500472068787,-0.16147908568382263,0.12415643781423569,-0.27732983231544495,922.0,0.0,187.75475676346022
860,47196.0,0.21688632667064667,-0.0768670067191124,0.11788110435009003,-0.20640234649181366,927.0,1754.5039306910583,808.5870206508148
861,47860.0,0.11012861877679825,0.016206588596105576,0.1308048963546753,-0.1223992183804512,923.0,3572.9444689683346,1096.3199061892633
862,48252.0,0.09363266080617905,0.02025352232158184,0.13521696627140045,-0.11559085547924042,921.0,4301.2456762627035,921.1831808348303
863,48319.0,0.1377430111169815,-0.020267875865101814,0.1328592747449875,-0.14744560420513153,919.0,3296.97620979775,1142.0067114939504
864,48368.0,0.15773692727088928,-0.023651713505387306,0.13364385068416595,-0.16759510338306427,918.0,4044.77736407299,739.8180501802019
865,48673.0,0.061707790940999985,0.033424973487854004,0.1349216103553772,-0.08622301369905472,911.0,4379.609932451886,593.199865562839
866,48604.0,0.07623318582773209,0.05057463422417641,0.14722096920013428,-0.0986582487821579,912.0,3841.7884866771237,886.1656052988146
867,48561.0,0.07053622603416443,0.05445779860019684,0.14817409217357635,-0.0969749465584755,910.0,5004.430908153014,736.2493835001839
868,48335.0,0.0687979906797409,0.04682040587067604,0.143108531832695,-0.09207365661859512,906.0,3173.7043290140014,1096.754070613136
869,48210.0,0.07391034811735153,0.05716133862733841,0.1450497806072235,-0.09940452873706818,910.0,3139.645035141582,823.2648595254296
870,48029.0,0.14316940307617188,-0.0055901724845170975,0.12801028788089752,-0.1520763635635376,911.0,3439.0787829181727,970.7404308772664
871,48158.0,0.07330146431922913,0.051344431936740875,0.1704060137271881,-0.0986061692237854,914.0,4805.234706664564,686.4782794046557
872,47954.0,0.1346895545721054,-0.006102058570832014,0.1469142585992813,-0.15619942545890808,918.0,4428.857300343408,521.8970412539672
873,47744.0,0.14107489585876465,-0.03795453906059265,0.14181385934352875,-0.1535799503326416,920.0,3951.745939903646,528.9406385983477
874,48255.0,0.140812486410141,-0.04385210573673248,0.15561030805110931,-0.16485220193862915,927.0,768.6879083775049,651.7010832944411
875,48412.0,0.08068164438009262,0.02377222292125225,0.14781317114830017,-0.11062032729387283,928.0,783.5380345223142,179.22557533601383
876,47760.0,0.2264726459980011,-0.07501529902219772,0.1509542018175125,-0.23834966123104095,930.0,1662.8514497150932,616.2025297286459
877,47678.0,0.14561322331428528,-0.02817094884812832,0.1416178047657013,-0.1631106436252594,932.0,4370.403139111792,663.1887619057532
878,47659.0,0.13835299015045166,-0.023186681792140007,0.15121740102767944,-0.17836357653141022,933.0,4213.6254944883085,592.0307794846404
879,47462.0,0.10671187192201614,0.006577870808541775,0.15665742754936218,-0.14365369081497192,932.0,4252.924263312967,364.83845881362987
880,47348.0,0.1778755933046341,-0.06337687373161316,0.1361212134361267,-0.19128179550170898,933.0,3847.349010089424,265.9612443958297
881,47331.0,0.17810523509979248,-0.03804890438914299,0.1558937430381775,-0.19020353257656097,933.0,3002.3439219626107,346.2647517579439
882,47376.0,0.13888590037822723,-0.015783756971359253,0.16445821523666382,-0.15796758234500885,931.0,3890.5438139245725,346.3686230115684
883,47854.0,0.21266478300094604,-0.026775777339935303,0.14063429832458496,-0.21945340931415558,928.0,7.394035849325625,0.0
884,48060.0,0.13189393281936646,-0.023918114602565765,0.14135323464870453,-0.15134669840335846,915.0,1652.9831312288343,341.9155224444002
885,47744.0,0.11800302565097809,0.03468094766139984,0.15170156955718994,-0.1464918702840805,917.0,3550.6542044998223,34.46043159318024
886,47471.0,0.16444647312164307,-0.0324382521212101,0.1430358737707138,-0.18687865138053894,918.0,2901.061910552372,1152.1273246747157
887,47262.0,0.22809374332427979,-0.09587398916482925,0.14438830316066742,-0.23306354880332947,918.0,3501.235130640682,435.24649914653713
888,47474.0,0.21092462539672852,-0.07132913172245026,0.14478625357151031,-0.22052715718746185,919.0,3787.3929517171327,497.122293021324
889,47857.0,0.12189339846372604,0.003474537516012788,0.13924360275268555,-0.1304693967103958,913.0,4528.510908850655,920.1763130414237
890,48031.0,0.10439194738864899,0.0038639006670564413,0.11737488210201263,-0.12122619897127151,932.0,2606.958997385716,1088.532092270267
891,47536.0,0.28553324937820435,-0.14707696437835693,0.13304094970226288,-0.27316293120384216,923.0,254.68798125874443,119.44764616704505
892,46743.0,0.26986581087112427,-0.10982371121644974,0.11888251453638077,-0.2504405081272125,920.0,0.0,0.0
893,46968.0,0.2571635842323303,-0.1183852031826973,0.12099775671958923,-0.24298693239688873,927.0,0.0,605.110978973171
894,47209.0,0.15390436351299286,-0.05248628184199333,0.14272382855415344,-0.16350041329860687,927.0,3400.9675420106933,441.0560884009058
895,47831.0,0.09920904040336609,0.0066373939625918865,0.15048114955425262,-0.11914714425802231,922.0,4171.313098287938,879.3549856529561
896,48171.0,0.11003480851650238,0.004614549223333597,0.14731250703334808,-0.13310158252716064,921.0,4491.668698152881,212.13353382717202
897,48249.0,0.13311180472373962,0.011001466773450375,0.1479274034500122,-0.1490878164768219,916.0,3952.787166987389,830.2964812100109
898,48377.0,0.09389634430408478,0.009166397154331207,0.12996932864189148,-0.12044225633144379,916.0,2327.004120083325,705.7459227872221
899,48608.0,0.08479290455579758,0.04243389517068863,0.14779625833034515,-0.13086748123168945,914.0,1603.6173043466188,1030.2999946142954
900,48569.0,0.06703297048807144,0.048905059695243835,0.13833194971084595,-0.0991712138056755,908.0,3701.322401942215,1002.6298586412437
901,48773.0,0.07116194814443588,0.04062118008732796,0.13332611322402954,-0.09305373579263687,907.0,4336.031292455751,832.4772729341494
902,48411.0,0.06931773573160172,0.043554067611694336,0.14088194072246552,-0.09931863844394684,905.0,3054.2167015637197,840.9920506016325
903,48257.0,0.1061534658074379,0.006240364164113998,0.1237180083990097,-0.12397243082523346,906.0,2516.750713214898,823.873954866816
904,48100.0,0.23218216001987457,-0.09147141128778458,0.14127568900585175,-0.2292431741952896,909.0,2425.448009782821,546.1156283574538
905,48226.0,0.10384922474622726,0.026898469775915146,0.15148836374282837,-0.12279210239648819,912.0,3675.920237755546,569.5688415002077
906,48155.0,0.12182562798261642,-0.0035244442988187075,0.13885870575904846,-0.1385248750448227,916.0,4057.850362481921,660.73329140356
907,47673.0,0.13804982602596283,-0.022113662213087082,0.15762773156166077,-0.1639222651720047,921.0,4119.92943996452,404.29521291305207
908,47867.0,0.2072620689868927,-0.07425827533006668,0.13661207258701324,-0.2096867710351944,925.0,688.749346636049,765.555096044441
909,48111.0,0.07571013271808624,0.013184759765863419,0.1458306759595871,-0.10660095512866974,923.0,1027.5705575636425,85.52974430904182
910,47877.0,0.16368430852890015,-0.029426466673612595,0.14541542530059814,-0.1900450736284256,927.0,2272.0663002472093,551.0134659026381
911,47807.0,0.12556789815425873,-0.02460554614663124,0.14283424615859985,-0.14742740988731384,929.0,2625.143609031684,973.3619673785225
912,47791.0,0.15005674958229065,-0.01979467272758484,0.14507010579109192,-0.17440693080425262,932.0,4860.391462383117,408.42626406814486
913,47465.0,0.08444821834564209,0.016214480623602867,0.16883447766304016,-0.1165773868560791,930.0,5897.071003474106,379.17923082306754
914,47467.0,0.08574577420949936,0.022846750915050507,0.15601271390914917,-0.11638273298740387,931.0,4653.594043573523,591.8770132662935
915,47488.0,0.09698237478733063,0.0043128421530127525,0.16679956018924713,-0.1281864196062088,929.0,4885.950755672378,287.06766075724585
916,47566.0,0.3273344933986664,-0.14723888039588928,0.15330635011196136,-0.3124888241291046,928.0,225.12052819331382,0.0
917,47684.0,0.22380100190639496,-0.07319116592407227,0.1283864825963974,-0.2168751060962677,927.0,0.0,0.0
918,48130.0,0.13407355546951294,-0.006987209897488356,0.18932969868183136,-0.17153485119342804,914.0,2600.142489896128,1004.5799965054991
919,47786.0,0.12626488506793976,-0.00844188965857029,0.12469744682312012,-0.13479650020599365,914.0,2522.2032633552794,971.4877925258604
920,47404.0,0.14715255796909332,-0.021090568974614143,0.14758887887001038,-0.16430746018886566,911.0,3030.1856534199924,899.6840102107901
921,46999.0,0.20715297758579254,-0.0798226147890091,0.16264848411083221,-0.21710878610610962,914.0,3330.3452990382475,429.1614160301723
922,47175.0,0.15647071599960327,-0.04374515265226364,0.14523562788963318,-0.17388665676116943,917.0,2874.889518332058,362.9687393934564
923,47861.0,0.11248629540205002,0.012343961745500565,0.1397179663181305,-0.12835180759429932,925.0,5048.391041662841,1129.9094351656859
924,48126.0,0.12376973778009415,-0.016607915982604027,0.1262696534395218,-0.1393776535987854,919.0,3188.0521148706575,975.4851726466594
925,47687.0,0.2644176781177521,-0.09083536267280579,0.15747690200805664,-0.26592817902565,919.0,426.1904290372049,53.15003856831229
926,47045.0,0.3191114366054535,-0.15890322625637054,0.14833760261535645,-0.30048868060112,928.0,419.64138669835694,0.0
927,47374.0,0.19856813549995422,-0.07316534221172333,0.11709622293710709,-0.1990121454000473,928.0,797.1422342524471,703.3484638042745
928,47621.0,0.2193627953529358,-0.0630759745836258,0.14877675473690033,-0.23141337931156158,925.0,1488.98565724446,121.80178457446098
929,47991.0,0.12319914996623993,-0.0043166447430849075,0.14599357545375824,-0.14098158478736877,922.0,4437.897416382314,807.2460375622486
930,48020.0,0.16605082154273987,-0.040928978472948074,0.14505475759506226,-0.18078729510307312,920.0,4144.6412296499175,268.1737236060854
931,48089.0,0.11269327253103256,0.028811750933527946,0.165499746799469,-0.1573907881975174,916.0,1050.1269817594323,562.962526760333
932,48291.0,0.09050872921943665,0.0549139603972435,0.14986079931259155,-0.12330374121665955,916.0,3169.016444246693,218.898725083917
933,48438.0,0.13385702669620514,-0.010305652394890785,0.13513532280921936,-0.14598044753074646,913.0,2432.6102262125683,595.6397371408299
934,48560.0,0.08819419145584106,0.04935300350189209,0.13543792068958282,-0.1168660894036293,908.0,3439.5850895090543,823.0956440015532
935,49152.0,0.06981285661458969,0.047280896455049515,0.13227872550487518,-0.08805031329393387,906.0,3350.437403338688,895.26486705575
936,48724.0,0.07822757214307785,0.06002180278301239,0.14702855050563812,-0.10076591372489929,902.0,2888.609079724856,758.2982933172638
937,48644.0,0.06958743184804916,0.04729729890823364,0.14531798660755157,-0.09484192728996277,902.0,3466.649337014895,672.7910992518016
938,48647.0,0.11474441736936569,0.02182783931493759,0.1583184450864792,-0.14106535911560059,904.0,2286.2525420236125,591.9059638940568
939,48617.0,0.10471124947071075,0.011759907938539982,0.14854732155799866,-0.11959953606128693,912.0,3901.9375371458614,762.6753893854222
940,48634.0,0.10167038440704346,0.0325661301612854,0.14116092026233673,-0.12620970606803894,915.0,4535.032165365902,379.2484641608514
941,48259.0,0.14574576914310455,0.0018802572740241885,0.15148323774337769,-0.1597546935081482,917.0,2589.6645495202097,482.34229968397926
942,48008.0,0.09140180051326752,0.030903028324246407,0.14311449229717255,-0.11647063493728638,922.0,3028.428425258616,633.8107140432669
943,48163.0,0.07706858962774277,0.041404251009225845,0.17656591534614563,-0.10764463990926743,922.0,926.5412744406558,664.9065321682341
944,48413.0,0.08959581702947617,0.018107537180185318,0.141708642244339,-0.11847294867038727,925.0,808.2063391947534,368.3055453317179
945,47951.0,0.12584573030471802,-0.002344360575079918,0.15614479780197144,-0.15646718442440033,924.0,2871.4021648823214,857.911961241067
946,47752.0,0.13316674530506134,-0.008502844721078873,0.15482507646083832,-0.16225078701972961,928.0,3287.4925751669234,405.90187260601726
947,47473.0,0.14000152051448822,-0.022235801443457603,0.14553174376487732,-0.15610842406749725,932.0,4242.4069676861445,502.5974106860658
948,47724.0,0.1797521412372589,-0.05099896714091301,0.14728745818138123,-0.190269336104393,930.0,4362.653681720389,404.20171432224373
949,47790.0,0.10639545321464539,0.0011580584105104208,0.15609857439994812,-0.13190850615501404,926.0,3662.2270454780974,443.60873085084756
950,47710.0,0.20502029359340668,-0.03911619260907173,0.1484052538871765,-0.22065868973731995,921.0,0.0,0.0
951,47303.0,0.28793832659721375,-0.1296573281288147,0.14513671398162842,-0.2787898778915405,925.0,0.0,0.0
952,48006.0,0.15584316849708557,-0.04029428958892822,0.14466099441051483,-0.17257265746593475,912.0,3064.1470345318367,619.0676903398293
953,47932.0,0.10355126857757568,0.014538949355483055,0.16327475011348724,-0.12040529400110245,912.0,4361.579743351744,769.4857186963394
954,47694.0,0.10067543387413025,0.002384327817708254,0.16594459116458893,-0.13663730025291443,912.0,3008.8733136445135,866.3643364100528
955,47309.0,0.17569303512573242,-0.043055787682533264,0.14180774986743927,-0.19500960409641266,912.0,3469.4171887821713,835.453564809262
956,47437.0,0.24195095896720886,-0.10510141402482986,0.13658982515335083,-0.23710867762565613,917.0,3105.125024406179,271.1044232612712
957,47738.0,0.15289483964443207,-0.03423665463924408,0.1332997977733612,-0.16412805020809174,923.0,4992.96753079472,1184.4679610209466
958,48469.0,0.12949255108833313,0.007541478145867586,0.16716042160987854,-0.156499445438385,921.0,1935.2273879577517,916.1139924278053
959,48613.0,0.10399575531482697,0.09667187929153442,0.2863571345806122,-0.19043801724910736,918.0,1.6155819304987513,30.86155063669429
960,48327.0,0.09757179766893387,0.08883323520421982,0.24039208889007568,-0.1764519363641739,933.0,268.7439295469422,365.65941224951956
961,48134.0,0.19833552837371826,-0.039677854627370834,0.12964065372943878,-0.1840752810239792,931.0,1926.158334450731,682.243235586919
962,48061.0,0.11651025712490082,0.009279841557145119,0.13301588594913483,-0.13377751410007477,923.0,4257.720938937867,803.6816310420479
963,47815.0,0.14315766096115112,-0.02584298886358738,0.15842899680137634,-0.1650894582271576,921.0,2810.0458079681553,531.7150578180967
964,47626.0,0.1556374877691269,-0.03535677120089531,0.1470748335123062,-0.16882918775081635,918.0,3538.28124548845,1090.5253318315147
965,47734.0,0.06637447327375412,0.02654867246747017,0.1545695662498474,-0.09279841929674149,915.0,1992.0990377718813,808.5108859320417
966,48162.0,0.0745757520198822,0.057217251509428024,0.1525224894285202,-0.1002805083990097,916.0,5109.395251885866,329.59520572744566
967,48549.0,0.08642464131116867,0.04399930313229561,0.13987401127815247,-0.1062646135687828,913.0,2541.969236111651,557.3727362185329
968,48668.0,0.08557233214378357,0.053641632199287415,0.15102918446063995,-0.11018174886703491,908.0,4723.282410691762,376.24829278970753
969,49041.0,0.08004751801490784,0.06290312111377716,0.15305554866790771,-0.10157501697540283,906.0,3281.2361414086586,791.2844787700192
970,48770.0,0.08070340752601624,0.05482508987188339,0.14370377361774445,-0.10317746549844742,904.0,3111.670139301175,803.8883178641961
971,48737.0,0.06892495602369308,0.05660899728536606,0.14350827038288116,-0.09278929233551025,905.0,4084.854642420641,678.7408110281001
972,48746.0,0.07736760377883911,0.05778694152832031,0.1534038633108139,-0.09871277958154678,906.0,4477.0239015430525,728.7889200185049
973,48701.0,0.07597348093986511,0.042322300374507904,0.14943748712539673,-0.09896096587181091,911.0,4194.460304844675,851.0713535627744
974,48594.0,0.07893528789281845,0.04949294030666351,0.14990688860416412,-0.10108500719070435,914.0,3710.610884762249,725.017403819929
975,48623.0,0.08721096068620682,0.03922805190086365,0.1704672873020172,-0.12080635875463486,915.0,3589.6791317805723,137.44684011506723
976,48487.0,0.12395010143518448,0.05838830769062042,0.2190181314945221,-0.18714937567710876,918.0,3832.0415639995626,497.6572913580386
977,48434.0,0.11885393410921097,0.021900566294789314,0.1694229543209076,-0.14015331864356995,919.0,3213.751683697051,559.3313001316748
978,48468.0,0.07657986879348755,0.010143954306840897,0.12310502678155899,-0.09968511760234833,922.0,1346.8252013529725,915.5455149927936
979,47944.0,0.08759445697069168,0.01153487153351307,0.15643443167209625,-0.11793982237577438,919.0,2633.679176662424,1023.3991039432083
980,47863.0,0.12102658301591873,0.002186469966545701,0.15775516629219055,-0.14379769563674927,928.0,3530.3597652143826,398.22171507199505
981,47706.0,0.14798206090927124,-0.0134265823289752,0.15034732222557068,-0.16695156693458557,930.0,3599.0514004989336,269.5844068653435
982,47936.0,0.16537010669708252,-0.01796407252550125,0.14202485978603363,-0.1773860901594162,929.0,3717.992906986301,435.37591072750456
983,47985.0,0.17955389618873596,-0.035304099321365356,0.15063445270061493,-0.19128966331481934,922.0,1715.43271817453,583.997547032242
984,47926.0,0.095662422478199,0.03767665848135948,0.16000324487686157,-0.1231222152709961,918.0,447.0240312441601,310.42945781891274
985,47396.0,0.25062742829322815,-0.0974452793598175,0.13427460193634033,-0.24242424964904785,918.0,0.0,0.0
986,48066.0,0.09100638329982758,0.016149787232279778,0.1665649265050888,-0.12149327248334885,909.0,2248.5302433013317,745.66554854977
987,47943.0,0.12236804515123367,-0.013961734250187874,0.12194705754518509,-0.13475528359413147,910.0,2940.993529006352,915.2727887026275
988,48020.0,0.0906590074300766,-0.007436194457113743,0.12562312185764313,-0.10732328146696091,912.0,4512.911516764432,701.8704831633142
989,47814.0,0.13039180636405945,-0.006442691665142775,0.17065173387527466,-0.15472541749477386,918.0,5882.578151525875,433.58470967848723
990,47823.0,0.17654384672641754,-0.07041221112012863,0.1535615772008896,-0.18365392088890076,916.0,3248.8875968842067,402.6792910437574
991,48019.0,0.11384531110525131,-0.03618212044239044,0.17609235644340515,-0.13923165202140808,928.0,4530.8044458005415,1349.7184615132253
992,48614.0,0.14127279818058014,0.050451867282390594,0.2088785469532013,-0.1794370412826538,919.0,3194.621034248055,763.7872437329577
993,49017.0,0.09645930677652359,0.11174090951681137,0.26336348056793213,-0.17944827675819397,908.0,0.0,0.0
994,48624.0,0.11175580322742462,0.054520100355148315,0.2163964956998825,-0.16668321192264557,924.0,2.796013095536141,730.9192585717434
995,48132.0,0.13780918717384338,0.001273303059861064,0.15716128051280975,-0.14385072886943817,924.0,2448.282984906083,598.5097474425577
996,47923.0,0.12720364332199097,-0.0025682616978883743,0.14757056534290314,-0.1462792605161667,918.0,3878.1861517801326,578.2669682508133
997,47577.0,0.17395462095737457,-0.026768386363983154,0.13981188833713531,-0.20031292736530304,925.0,4752.588091562129,3.8410934271257293
998,47558.0,0.2314126342535019,-0.09312158077955246,0.13566337525844574,-0.2269938588142395,918.0,2793.684413868258,607.0026094205687
999,47802.0,0.16305387020111084,-0.034761905670166016,0.14096814393997192,-0.1721958965063095,913.0,4658.349351235825,665.2928627267556
1000,48305.0,0.06465048342943192,0.04174265265464783,0.15247496962547302,-0.09421156346797943,915.0,5810.124462479263,926.8747946648773
1001,48583.0,0.08373413980007172,0.06284591555595398,0.16208839416503906,-0.10129310190677643,911.0,4837.950184562738,485.8680945526408
1002,48649.0,0.09333925694227219,0.07214227318763733,0.16878610849380493,-0.11274398863315582,908.0,4227.174350204364,498.8582427555018
1003,48903.0,0.08051890134811401,0.053889088332653046,0.16028983891010284,-0.10701191425323486,906.0,4057.428161097989,533.6794708959347
1004,48650.0,0.09385363012552261,0.043979376554489136,0.1483605057001114,-0.11452481150627136,904.0,3299.110330679755,908.0576283533143
1005,48648.0,0.08147042244672775,0.05575287714600563,0.1600073128938675,-0.10958798974752426,905.0,3970.355286397104,792.5531101716139
1006,48656.0,0.0633903369307518,0.05888834968209267,0.1654699593782425,-0.09618724137544632,905.0,4173.383042121383,581.1229436218298
1007,48706.0,0.07021116465330124,0.047647807747125626,0.15325228869915009,-0.09782230108976364,907.0,3138.1687982297044,514.9299559007883
1008,48591.0,0.07913396507501602,0.04835150018334389,0.15139098465442657,-0.1057150661945343,909.0,5282.2887672566,729.4783480024108
1009,48466.0,0.08871589601039886,0.04253516346216202,0.14597532153129578,-0.11841323971748352,911.0,2324.609176993266,476.70002182045255
1010,48471.0,0.09932912141084671,0.07072263956069946,0.2061452716588974,-0.14660325646400452,915.0,1954.8026421868685,211.1147120145703
1011,48498.0,0.09455878287553787,0.05659668892621994,0.17379003763198853,-0.11450324952602386,914.0,3986.964764488821,635.5692861721616
1012,48383.0,0.0718270018696785,0.03855512663722038,0.14608658850193024,-0.10374946147203445,918.0,3728.4973907023,837.5915232648315
1013,48046.0,0.09056603908538818,0.03996279463171959,0.14962248504161835,-0.12508273124694824,920.0,4824.188091294422,661.2776155295551
1014,47960.0,0.08336340636014938,0.015594257973134518,0.12671132385730743,-0.10743124037981033,925.0,2116.085045940121,1107.3909758606349
1015,47843.0,0.12034405767917633,0.007922744378447533,0.1424257904291153,-0.14492014050483704,923.0,2407.8823218669704,282.30450732622353
1016,48039.0,0.11685654520988464,0.013182909227907658,0.17134016752243042,-0.14658169448375702,923.0,4904.80478104807,245.782192033849
1017,48096.0,0.15373475849628448,-0.017852939665317535,0.14507843554019928,-0.1628192812204361,923.0,3580.2055619357907,493.903692786938
1018,48064.0,0.11384684592485428,0.007713979110121727,0.1460178643465042,-0.1472778022289276,920.0,2960.6416432486512,590.0982243820748
1019,47729.0,0.10364124178886414,0.012348219752311707,0.14330928027629852,-0.12815891206264496,919.0,1035.269361880247,91.93542225481704
1020,47937.0,0.11844687908887863,0.026949826627969742,0.16979040205478668,-0.1555621176958084,908.0,4499.220126339901,368.91605676871234
1021,47899.0,0.0672224760055542,0.03182065859436989,0.15344496071338654,-0.09102775901556015,910.0,3775.19935522697,1030.020293224065
1022,47922.0,0.1253935694694519,-0.003720864886417985,0.1325569450855255,-0.14284572005271912,915.0,2937.543915901802,1311.1832399062098
1023,48185.0,0.07592763006687164,0.034549493342638016,0.13385263085365295,-0.10090318322181702,916.0,5457.842725597805,857.8997774529358
1024,48294.0,0.06739068776369095,0.03236471861600876,0.12899693846702576,-0.08479881286621094,920.0,5012.533594394212,957.0885827492297
1025,48373.0,0.08120614290237427,0.03552578017115593,0.1563364714384079,-0.09440626204013824,920.0,4351.290843247703,924.0727861236791
1026,48539.0,0.1331576257944107,0.028173182159662247,0.2126268595457077,-0.179606094956398,919.0,1406.4323970591652,115.83884201482036
1027,48819.0,0.09324924647808075,0.09275162220001221,0.25550711154937744,-0.17167434096336365,917.0,0.0,0.0
1028,48487.0,0.1432582139968872,-0.025279847905039787,0.1455051302909851,-0.161098912358284,922.0,1093.2817335775906,831.2287667685862
1029,47664.0,0.24018503725528717,-0.08005371689796448,0.13204388320446014,-0.23122817277908325,924.0,2987.433764866961,174.98351497935255
1030,47404.0,0.27036356925964355,-0.10946470499038696,0.1520441323518753,-0.26345008611679077,924.0,1159.9124159879484,604.8242390522519
1031,47152.0,0.3005215525627136,-0.13976694643497467,0.14759042859077454,-0.2912731170654297,915.0,2334.3186109792896,703.7119707614551
1032,47776.0,0.11110308021306992,-0.003426110139116645,0.16066928207874298,-0.13976502418518066,914.0,4532.351385727864,885.9661544553095
1033,48083.0,0.0717548280954361,0.06413637846708298,0.15923260152339935,-0.11011064797639847,916.0,4377.394915038172,1070.9518182244633
1034,48328.0,0.07124901562929153,0.05057692900300026,0.15566973388195038,-0.10005779564380646,914.0,5708.0030931592155,636.1529321607626
1035,48563.0,0.08000152558088303,0.05078386887907982,0.15048782527446747,-0.10834702104330063,910.0,4560.276904612295,352.2041520481167
1036,48517.0,0.07642927020788193,0.050875674933195114,0.15263573825359344,-0.10642757266759872,906.0,2760.2260290082454,703.1435433765422
1037,48419.0,0.10287484526634216,0.031213395297527313,0.14212831854820251,-0.12201739847660065,905.0,3029.312024270666,970.6393693763644
1038,48306.0,0.09884986281394958,0.03576664626598358,0.14422747492790222,-0.11575791239738464,903.0,4076.335721085406,510.1191146174798
1039,48313.0,0.06902508437633514,0.04521365836262703,0.15383286774158478,-0.09903092682361603,905.0,3972.0930813609098,959.3359687599099
1040,48315.0,0.0773739293217659,0.04744599387049675,0.15017789602279663,-0.1052200049161911,904.0,3445.8395664452196,902.1542300246952
1041,48328.0,0.07347867637872696,0.03843245655298233,0.1600719839334488,-0.10307373106479645,906.0,3648.7016012469016,985.0389506885498
1042,48409.0,0.07060518860816956,0.041908446699380875,0.14986547827720642,-0.09608292579650879,908.0,4785.615436504925,790.3104045667004
1043,48393.0,0.07120271027088165,0.04324747249484062,0.14736886322498322,-0.0996050238609314,909.0,4426.19708620861,794.8130392817345
1044,48355.0,0.10461828112602234,0.009081230498850346,0.1742309331893921,-0.1445726454257965,912.0,4086.1128880157366,244.60569571838164
1045,48425.0,0.08554968237876892,0.023151764646172523,0.13482442498207092,-0.10927419364452362,914.0,5216.201914548969,446.2635811169397
1046,48087.0,0.08935174345970154,0.0032109932508319616,0.14671996235847473,-0.11773587763309479,919.0,2772.8401310160043,882.7514949782458
1047,47690.0,0.138758584856987,-0.022132515907287598,0.13708454370498657,-0.15537723898887634,921.0,4863.152609318944,491.03546399483963
1048,47627.0,0.08704375475645065,0.02667035162448883,0.14347229897975922,-0.1089506447315216,924.0,4228.9225622639,971.3183462682229
1049,47718.0,0.08040554821491241,0.019770672544836998,0.16919280588626862,-0.11872562021017075,924.0,3418.995748555178,797.927930636536
1050,47985.0,0.0918351337313652,-0.01519070379436016,0.13473540544509888,-0.11686438322067261,919.0,1220.3668908046502,405.7612579771693
1051,48143.0,0.10279809683561325,0.004628999158740044,0.14794379472732544,-0.1303776502609253,920.0,5271.824941871454,393.1883112100983
1052,47930.0,0.1527797281742096,-0.020686646923422813,0.16981355845928192,-0.18582597374916077,918.0,4417.928107005099,365.0091827703131
1053,47420.0,0.22627954185009003,-0.08421918749809265,0.14668966829776764,-0.2296207845211029,916.0,1636.8588343468218,254.06225136388673
1054,47712.0,0.12820707261562347,-0.0064083002507686615,0.1470864862203598,-0.14262616634368896,905.0,4292.230460818593,376.0796111035755
1055,47653.0,0.18178339302539825,-0.05684657394886017,0.13927841186523438,-0.18787506222724915,909.0,3568.1887651270936,828.357072215899
1056,47582.0,0.21309234201908112,-0.08239598572254181,0.1399598866701126,-0.2170666605234146,916.0,4010.9760020252975,771.0295395464547
1057,47658.0,0.15321341156959534,-0.04913102835416794,0.13747341930866241,-0.16562415659427643,916.0,4282.1159420048225,1009.7772189037879
1058,48060.0,0.20459577441215515,-0.03357023373246193,0.1463649421930313,-0.21069592237472534,916.0,3249.902444104772,435.27006671400056
1059,48042.0,0.07335678488016129,0.03956262394785881,0.1588035523891449,-0.09945379942655563,920.0,3467.7172323160457,1040.4519669676083
1060,47926.0,0.20173126459121704,-0.052374061197042465,0.13240063190460205,-0.2061924934387207,923.0,6761.0727072701275,837.2886399863793
1061,48205.0,0.11894410848617554,-0.003724002279341221,0.13545362651348114,-0.14138467609882355,922.0,6164.040985932524,698.7077989424412
1062,48205.0,0.12498463690280914,-0.014855875633656979,0.11908034980297089,-0.13865162432193756,919.0,2684.303613603788,619.5871970632843
1063,47714.0,0.22696341574192047,-0.09252922981977463,0.12318698316812515,-0.22012577950954437,921.0,1076.8524980574136,72.89985281820037
1064,47023.0,0.2702447772026062,-0.10575565695762634,0.14292947947978973,-0.2603098452091217,923.0,1705.2869229651392,0.0
1065,46775.0,0.3057499825954437,-0.15288788080215454,0.15018992125988007,-0.29047447443008423,916.0,449.3668735304946,191.6801246073151
1066,47524.0,0.1590515673160553,-0.016705183312296867,0.15161444246768951,-0.175195574760437,913.0,1363.823641088325,600.6576403138803
1067,48012.0,0.06840874254703522,0.04852571710944176,0.15977996587753296,-0.0972021073102951,910.0,5265.267634198394,765.951419175253
1068,48337.0,0.08096972107887268,0.05344200134277344,0.1638570874929428,-0.10545126348733902,911.0,4850.653517348493,413.33462868942286
1069,48493.0,0.07630521804094315,0.047693561762571335,0.16071845591068268,-0.10874103009700775,906.0,3564.5705991095156,385.16992414275205
1070,48356.0,0.0922384262084961,0.01720854453742504,0.14122816920280457,-0.11941947042942047,906.0,4243.10299452089,543.5953044436411
1071,48358.0,0.06941307336091995,0.03436354920268059,0.14360320568084717,-0.09748143702745438,904.0,3090.745829266721,576.7565627173386
1072,48309.0,0.0684300884604454,0.04965818673372269,0.14311455190181732,-0.09198931604623795,904.0,3925.6880981969457,659.1770154462205
1073,48307.0,0.0672183558344841,0.057596493512392044,0.15528805553913116,-0.09837017208337784,906.0,3805.208843146578,1044.2826595994898
1074,48188.0,0.07126384973526001,0.04791344702243805,0.150894433259964,-0.10213924199342728,905.0,3455.4344674636354,454.3666393669542
1075,48187.0,0.06819790601730347,0.04738521948456764,0.13755394518375397,-0.09777292609214783,907.0,3813.752384141759,802.1004546487794
1076,48257.0,0.06874828785657883,0.02662057615816593,0.13721080124378204,-0.09409172832965851,907.0,3119.2604752420393,731.4891840229751
1077,48246.0,0.07354690134525299,0.03536955267190933,0.14587931334972382,-0.0975915938615799,908.0,3636.3817508951834,832.0436067756882
1078,48283.0,0.10122782737016678,0.0220499150454998,0.13844142854213715,-0.12204615026712418,912.0,3857.44282211273,1096.0449025842709
1079,48260.0,0.08252668380737305,0.03089464269578457,0.14640215039253235,-0.1025211364030838,916.0,4614.166960855288,796.746043673041
1080,47589.0,0.12107449024915695,-0.008415098302066326,0.13967469334602356,-0.13615798950195312,918.0,2399.254988707565,1046.661568777668
1081,47152.0,0.30151987075805664,-0.15017153322696686,0.1476123183965683,-0.2944561839103699,920.0,396.96311979495243,1614.9211320161132
1082,47325.0,0.2129601240158081,-0.09924247860908508,0.1360706239938736,-0.2136581689119339,923.0,3032.9802393148866,1079.3142239926087
1083,47675.0,0.10505945980548859,0.0020335535518825054,0.16596905887126923,-0.14264924824237823,923.0,5571.366584468014,539.0728510264865
1084,47832.0,0.0969749242067337,0.019664332270622253,0.14947150647640228,-0.13255156576633453,920.0,4361.836863321811,396.0271230064671
1085,48079.0,0.11273108422756195,-0.010386190377175808,0.12430155277252197,-0.13503964245319366,919.0,2207.974958622529,563.8125057537134
1086,48106.0,0.2020246833562851,-0.05339161306619644,0.15173426270484924,-0.21101805567741394,917.0,2704.4494870178078,582.2964567838443
1087,47683.0,0.18099194765090942,-0.04572329670190811,0.1517714112997055,-0.19191314280033112,916.0,1803.9533051199037,92.6498826173567
1088,47914.0,0.06894908845424652,0.039776094257831573,0.16610155999660492,-0.08538037538528442,902.0,4044.9133418454076,658.3792711487279
1089,47830.0,0.23546819388866425,-0.06989230960607529,0.16558827459812164,-0.24449963867664337,902.0,997.068212987902,246.5086222174487
1090,47807.0,0.1724967211484909,-0.04725639522075653,0.15450167655944824,-0.19168950617313385,909.0,4199.971302091444,400.3464682349527
1091,47844.0,0.13547711074352264,-0.018690574914216995,0.12713375687599182,-0.1427065134048462,914.0,3428.183071290947,1167.620806223932
1092,47873.0,0.08574490994215012,0.020309478044509888,0.12399762868881226,-0.10062682628631592,918.0,4228.633418306494,883.9639577696956
1093,47810.0,0.12570945918560028,-0.011245706118643284,0.1269543468952179,-0.1415625810623169,918.0,1999.6115366288568,936.071398011872
1094,47733.0,0.24041174352169037,-0.08812414109706879,0.14183101058006287,-0.2380046397447586,918.0,852.9777379094451,134.82576507150105
1095,47713.0,0.22993303835391998,-0.10565076023340225,0.124546580016613,-0.23636075854301453,922.0,1106.55887578233,807.8764761535781
1096,47913.0,0.2909533679485321,-0.13428927958011627,0.15236230194568634,-0.2864645719528198,926.0,2170.913474178672,840.9453155449348
1097,47706.0,0.1407354474067688,-0.03260361775755882,0.12926483154296875,-0.1548604965209961,923.0,0.0,1165.771072950072
1098,47226.0,0.190501406788826,-0.0626431554555893,0.12132465094327927,-0.18837161362171173,916.0,848.7240277207537,815.7181856391679
1099,46975.0,0.34310704469680786,-0.1819070726633072,0.1533789336681366,-0.3263247311115265,915.0,309.74511869857884,276.5618530029532
1100,47552.0,0.185906320810318,-0.044315483421087265,0.1488904058933258,-0.19557586312294006,909.0,3985.851924576041,630.8216177072451
1101,47968.0,0.06386081874370575,0.05345115065574646,0.17977868020534515,-0.101420097053051,908.0,5838.274000676971,711.9355565474092
1102,48195.0,0.06845150142908096,0.05085974186658859,0.15848025679588318,-0.09876449406147003,903.0,5339.206757349997,384.82926081082996
1103,48240.0,0.07667198777198792,0.05554848536849022,0.16858436167240143,-0.10566501319408417,904.0,5224.4332195966535,639.7668721219369
1104,48299.0,0.06856679916381836,0.06811393797397614,0.1600060909986496,-0.11397750675678253,906.0,3615.1495725260365,656.420769280514
1105,48379.0,0.10382304340600967,0.03347518667578697,0.14934556186199188,-0.12338370829820633,903.0,3017.3051645774112,739.9761947139009
1106,48341.0,0.07961935549974442,0.059681911021471024,0.16747614741325378,-0.10420502722263336,902.0,4244.653569338637,452.21885759487895
1107,48295.0,0.07257768511772156,0.047864362597465515,0.16189828515052795,-0.09959709644317627,907.0,3386.2014005418446,535.565233641586
1108,48291.0,0.07583007216453552,0.033161770552396774,0.16086478531360626,-0.11140236258506775,909.0,5232.776190830221,643.2504665956868
1109,48266.0,0.08332078903913498,0.03379988670349121,0.15025267004966736,-0.1099286675453186,910.0,4776.1466830408435,332.1066980351108
1110,48226.0,0.12035969644784927,0.0036567444913089275,0.141105517745018,-0.14684709906578064,909.0,3996.8630060503347,630.5162647391652
1111,48179.0,0.1157345175743103,0.022695941850543022,0.14816921949386597,-0.1302690953016281,913.0,3471.7128928132283,877.3098389924837
1112,48072.0,0.17477770149707794,-0.048990216106176376,0.152183398604393,-0.18681974709033966,916.0,2886.96514441137,772.6803130919336
1113,47867.0,0.14763252437114716,-0.020019449293613434,0.14874044060707092,-0.1583837866783142,915.0,1801.3168504306282,1083.4271790131404
1114,46860.0,0.30426326394081116,-0.14310061931610107,0.1418502926826477,-0.29060429334640503,920.0,3.2528837866453357,1071.2324364117549
1115,46975.0,0.2702212333679199,-0.12551742792129517,0.13346870243549347,-0.2569245398044586,920.0,151.27428179954126,1438.2834245521253
1116,47192.0,0.14376384019851685,0.01600000075995922,0.15624770522117615,-0.184952974319458,920.0,3602.971525932347,201.56613237882414
1117,47725.0,0.16865071654319763,-0.05152897536754608,0.1426766961812973,-0.19115057587623596,921.0,1345.8934911292868,536.3831884896659
1118,47838.0,0.10977841913700104,-0.001828024978749454,0.13817749917507172,-0.1310974359512329,917.0,3444.8552123427635,424.9907473952499
1119,47946.0,0.09174526482820511,0.011434217914938927,0.13736377656459808,-0.11601593345403671,916.0,3436.7318279060355,687.8807675583894
1120,48208.0,0.09382931143045425,0.04982363432645798,0.17059384286403656,-0.11156141757965088,914.0,1624.4976060065997,378.18734504480943
1121,48172.0,0.0851811096072197,0.05159369856119156,0.16701026260852814,-0.13469599187374115,910.0,0.0,0.0
1122,48111.0,0.08733077347278595,0.01555138360708952,0.13990211486816406,-0.10457490384578705,901.0,2797.5568108393754,1006.5655776483397
1123,47589.0,0.2450832724571228,-0.10028339922428131,0.13569411635398865,-0.23610419034957886,902.0,857.23009202805,864.6781046941196
1124,47345.0,0.2761358916759491,-0.13364531099796295,0.13111209869384766,-0.2610909044742584,912.0,1578.9438533679338,405.1556830623609
1125,47230.0,0.20084050297737122,-0.06365267187356949,0.1393551379442215,-0.21481023728847504,916.0,2275.6167348374856,899.9565637281493
1126,47370.0,0.1956147998571396,-0.035087138414382935,0.13977952301502228,-0.2214634120464325,920.0,4224.2858145097,946.0107291649192
1127,47470.0,0.2388308346271515,-0.0909939631819725,0.14569811522960663,-0.2262948751449585,918.0,1545.353581189238,520.0065206930003
1128,48237.0,0.18111470341682434,0.09281504899263382,0.21479539573192596,-0.22201202809810638,920.0,19.793388054691405,0.0
1129,47754.0,0.21881771087646484,-0.06858421862125397,0.13933207094669342,-0.2165115624666214,921.0,694.4041470324172,1029.793798970407
1130,47971.0,0.16589146852493286,0.014724232256412506,0.1584474742412567,-0.18647633492946625,925.0,2635.189252514914,385.77556536014583
1131,48019.0,0.2522691488265991,-0.07800835371017456,0.15271812677383423,-0.25121164321899414,924.0,27.73042787996215,707.1278598848737
1132,48352.0,0.21051080524921417,-0.07743628323078156,0.11004330217838287,-0.19302760064601898,916.0,0.0,475.1008629849551
1133,48225.0,0.28049296140670776,-0.12331914156675339,0.1352471560239792,-0.2622148096561432,912.0,0.0,917.8626522385572
1134,48001.0,0.0772174671292305,0.03456856682896614,0.15283241868019104,-0.10533610731363297,909.0,4478.15816857871,1463.240940385805
1135,48136.0,0.05854049697518349,0.052621275186538696,0.16534659266471863,-0.09543568640947342,907.0,4891.100688366753,794.5608287536796
1136,48162.0,0.0666569173336029,0.03941519185900688,0.1638033539056778,-0.090012326836586,903.0,6058.364278695917,430.78912806333074
1137,48136.0,0.06858138740062714,0.04159586876630783,0.14869004487991333,-0.10047996044158936,904.0,5907.491478646702,659.0051167931002
1138,48161.0,0.08022502809762955,0.03868047520518303,0.14454832673072815,-0.10504946857690811,903.0,2199.9688989063147,952.3365823121237
1139,48190.0,0.11422429978847504,0.019157346338033676,0.1455715149641037,-0.13620352745056152,903.0,3294.793764975689,697.167430209707
1140,48367.0,0.06831981986761093,0.051152877509593964,0.1669292002916336,-0.09802309423685074,903.0,4185.6033252846655,722.6608472277608
1141,48483.0,0.0799393281340599,0.05583184212446213,0.154712975025177,-0.10529788583517075,906.0,3698.264740092304,498.84327246667635
1142,48296.0,0.07420150935649872,0.04780533164739609,0.1538565754890442,-0.10562784224748611,908.0,5093.832187085165,655.99237275866
1143,48081.0,0.08539924025535583,0.03589041158556938,0.14366672933101654,-0.11136551946401596,910.0,4321.215086011965,762.7843040307828
1144,48051.0,0.1268051564693451,0.000890167080797255,0.14023010432720184,-0.14610007405281067,910.0,4299.331496541283,429.56770270935493
1145,48268.0,0.06739058345556259,0.030230309814214706,0.15800343453884125,-0.09879153966903687,913.0,4388.559408802994,346.7540138333341
1146,48110.0,0.1395668089389801,-0.02948877029120922,0.1427217721939087,-0.15217642486095428,918.0,3609.327832464553,604.3765542458358
1147,48027.0,0.1451108753681183,-0.002003880450502038,0.16168217360973358,-0.17203660309314728,917.0,1265.5718055347206,570.2283185440525
1148,47779.0,0.10236325114965439,0.025926794856786728,0.1922072470188141,-0.1502389758825302,919.0,1904.2822686319496,664.5123440092713
1149,47686.0,0.17326296865940094,-0.039468780159950256,0.14224901795387268,-0.17975929379463196,919.0,1726.4230406274123,843.4538437267402
1150,47465.0,0.11941943317651749,-0.007902569137513638,0.1481492519378662,-0.13634435832500458,919.0,3859.712342604806,683.8724040737732
1151,47615.0,0.13818906247615814,-0.030593525618314743,0.1908780038356781,-0.17082352936267853,922.0,5196.162575611075,293.78825153568613
1152,47676.0,0.11662040650844574,-0.010251822881400585,0.14395354688167572,-0.1329038292169571,917.0,3731.1210874980247,649.70599726128
1153,47897.0,0.08192824572324753,0.034692998975515366,0.1555035263299942,-0.1102980375289917,915.0,3464.953176642467,899.424829136375
1154,48154.0,0.09572190791368484,0.02800511009991169,0.14039002358913422,-0.12089837342500687,909.0,2729.4707938146485,445.1151243768758
1155,48266.0,0.10891982913017273,0.03390907123684883,0.17774607241153717,-0.1483532339334488,907.0,292.5252809729277,0.0
1156,47951.0,0.15408600866794586,-0.022246502339839935,0.17817546427249908,-0.180830180644989,906.0,2970.4555306573466,495.70397282583536
1157,47095.0,0.18509989976882935,-0.051920223981142044,0.14983879029750824,-0.20052671432495117,908.0,3877.5003345768414,469.5294004352898
1158,46839.0,0.36627599596977234,-0.19700287282466888,0.15909793972969055,-0.34730851650238037,912.0,1134.1688016746534,394.75335347974544
1159,46799.0,0.1919499784708023,-0.07647785544395447,0.13155493140220642,-0.198977991938591,917.0,2706.3231507332257,885.9336597777508
1160,47061.0,0.24601997435092926,-0.12673604488372803,0.12173791974782944,-0.23321162164211273,918.0,1510.2834365842402,1423.370748128778
1161,47152.0,0.2265106588602066,-0.08789470046758652,0.1614730805158615,-0.22927317023277283,916.0,1649.5593220694934,179.06124914322993
1162,48021.0,0.203251451253891,-0.06602510809898376,0.16172729432582855,-0.21087302267551422,920.0,1680.9108696157416,241.61284897945964
1163,47824.0,0.202524334192276,-0.002309320727363229,0.14802370965480804,-0.2088039666414261,920.0,1723.4472782593812,874.2814884315513
1164,48207.0,0.1771060824394226,0.021402636542916298,0.1552303582429886,-0.17719627916812897,920.0,3369.369110950617,206.3506788539313
1165,48149.0,0.20550109446048737,-0.03070121631026268,0.16829638183116913,-0.2148362547159195,921.0,1973.2115037977223,349.07126105875625
1166,48588.0,0.13228580355644226,-0.03537062183022499,0.07674171030521393,-0.10988648980855942,918.0,0.0,224.4160963945098
1167,48212.0,0.30239003896713257,-0.1457204818725586,0.13523544371128082,-0.27635499835014343,908.0,1522.6644551943382,668.9537755147018
1168,48017.0,0.11005105823278427,0.03962598741054535,0.15949761867523193,-0.12514637410640717,906.0,4033.357690801578,849.1884667378445
1169,48105.0,0.10227049887180328,0.012862207368016243,0.19793756306171417,-0.1335710883140564,901.0,4451.733944385516,340.18733370729876
1170,48139.0,0.08609898388385773,0.02569124847650528,0.16167320311069489,-0.111210398375988,900.0,4444.591222072004,915.867555508091
1171,48107.0,0.10039272159337997,0.04503490775823593,0.15036223828792572,-0.12677155435085297,900.0,5437.204832697507,1096.723993217939
1172,48090.0,0.08688244968652725,0.03183307498693466,0.14262692630290985,-0.10781373083591461,902.0,3212.295768827079,819.76554686038
1173,48148.0,0.08802519738674164,0.03985629975795746,0.14614441990852356,-0.1153104230761528,901.0,3811.3736766794395,762.8442904109049
1174,48268.0,0.08832278102636337,0.03359295800328255,0.14922024309635162,-0.11220234632492065,905.0,3720.736417976142,805.725391814106
1175,48437.0,0.09048815071582794,0.05053127929568291,0.14105963706970215,-0.11275726556777954,907.0,3217.5404275748424,583.0517241877182
1176,48390.0,0.07825955748558044,0.03108878619968891,0.15143366158008575,-0.09990368038415909,909.0,3861.3206986322725,797.1065216310485
1177,48215.0,0.0777362510561943,0.03661705553531647,0.15178035199642181,-0.10361091792583466,910.0,2972.552045908114,960.7810671876892
1178,48195.0,0.08578187972307205,0.019131993874907494,0.1455572098493576,-0.11100699007511139,912.0,2070.7674999036817,1049.2290919519678
1179,48201.0,0.08320669829845428,0.03883974254131317,0.156017005443573,-0.11596471816301346,915.0,6144.837916696576,768.8849847106612
1180,48242.0,0.08890445530414581,0.01952320896089077,0.15769369900226593,-0.1145499125123024,918.0,1092.5048241456302,1045.0798121594805
1181,48194.0,0.08112132549285889,-0.006725369021296501,0.15324272215366364,-0.09713249653577805,921.0,1912.5184038013579,516.3678881982597
1182,47753.0,0.16572895646095276,-0.04399580508470535,0.14403508603572845,-0.17899560928344727,923.0,3160.087038331468,571.526046484146
1183,47769.0,0.11396848410367966,0.0018293269677087665,0.1660517007112503,-0.14169298112392426,919.0,3670.6331232392968,331.3945713042752
1184,47451.0,0.1692170947790146,-0.04538527876138687,0.14993314445018768,-0.18837086856365204,918.0,3428.3358847675236,637.2659362296653
1185,47622.0,0.08934140205383301,0.02190742827951908,0.15722821652889252,-0.11742566525936127,917.0,4709.534639427417,439.433951459083
1186,47589.0,0.13535626232624054,-0.023473575711250305,0.16399307548999786,-0.15889614820480347,915.0,3701.0577533922037,748.8308432872452
1187,47721.0,0.10801290720701218,0.016133280470967293,0.15200412273406982,-0.1381884664297104,911.0,4490.924883038421,704.5968219741898
1188,47707.0,0.12577669322490692,-0.004545767791569233,0.13941456377506256,-0.14752162992954254,908.0,2976.3937430334654,1055.4115580840505
1189,47894.0,0.1850443184375763,-0.060341011732816696,0.14240741729736328,-0.19376221299171448,907.0,1414.516258880757,53.338448434588884
1190,47642.0,0.13285347819328308,-0.005683460272848606,0.16092778742313385,-0.16874393820762634,909.0,3387.6145027501802,394.67138171715214
1191,47379.0,0.13102762401103973,0.0024116006679832935,0.16678352653980255,-0.16810913383960724,911.0,2838.9424980855733,183.3630897098013
1192,47331.0,0.18733249604701996,0.025707736611366272,0.151216521859169,-0.2078949362039566,912.0,2257.644476699724,51.414202364425
1193,47069.0,0.19435177743434906,-0.04706842452287674,0.13877804577350616,-0.1969054937362671,924.0,2545.7954331049436,507.21472111637064
1194,47021.0,0.24357105791568756,-0.12742333114147186,0.1267220824956894,-0.23951955139636993,923.0,444.67922643978125,1058.9210111626003
1195,47132.0,0.14411896467208862,0.02217504195868969,0.17915184795856476,-0.178645059466362,911.0,2195.017284378426,0.0
1196,47779.0,0.26251545548439026,-0.1372390240430832,0.14087754487991333,-0.2580873966217041,918.0,425.3289058322425,750.8473198644137
1197,47771.0,0.15436667203903198,-0.0018889309139922261,0.13703517615795135,-0.1666933298110962,921.0,3078.4450943458173,360.95185801774534
1198,48004.0,0.19817516207695007,-0.048526983708143234,0.1339201182126999,-0.20015756785869598,917.0,1669.1371887598116,380.31632108537843
1199,47844.0,0.1511566936969757,0.057724811136722565,0.19562508165836334,-0.14850379526615143,916.0,2497.251612906467,176.69186348161566
1200,47522.0,0.2614322602748871,-0.10245566070079803,0.1438618302345276,-0.25958946347236633,922.0,1386.704169991808,190.7020881768218
1201,47209.0,0.22101591527462006,-0.04927961900830269,0.169655904173851,-0.21867339313030243,908.0,2153.7581544434897,827.1582174928875
1202,47533.0,0.16393864154815674,-0.012802458368241787,0.15506570041179657,-0.18259958922863007,907.0,3365.658181231605,520.7034473251919
1203,47839.0,0.1656612902879715,-0.03741234168410301,0.1467171013355255,-0.17868171632289886,904.0,1169.3506040015718,760.6099619806714
1204,47788.0,0.09445881843566895,0.02952789142727852,0.14837419986724854,-0.12134446203708649,902.0,4838.709166468582,784.8704706080259
1205,47765.0,0.23494021594524384,-0.0708882212638855,0.14510343968868256,-0.23880653083324432,902.0,2220.0863736345627,554.3856100597216
1206,47818.0,0.07846878468990326,0.05555365979671478,0.14309640228748322,-0.10418245196342468,899.0,2655.136613846804,949.492169340897
1207,47914.0,0.07572859525680542,0.04632062092423439,0.15349745750427246,-0.10986416786909103,904.0,4274.425161220662,809.2836101585308
1208,47747.0,0.10583001375198364,0.016724497079849243,0.13992540538311005,-0.12265272438526154,908.0,4523.168572767729,659.2515270578193
1209,47865.0,0.11173788458108902,0.024709351360797882,0.1450367420911789,-0.13083121180534363,910.0,3799.236535467621,898.585319633255
1210,48128.0,0.06375989317893982,0.04060332477092743,0.15485361218452454,-0.09188443422317505,915.0,4195.990125976331,769.7037514235225
1211,48308.0,0.09081017971038818,0.04801953211426735,0.145607128739357,-0.11251139640808105,912.0,2632.0558602290384,1071.9551187248146
1212,48265.0,0.14896799623966217,0.04079912602901459,0.16184347867965698,-0.1658383011817932,917.0,1515.4917708072574,739.2370574355522
1213,48048.0,0.1421101987361908,-0.005323716439306736,0.13744114339351654,-0.15971314907073975,915.0,3844.9168426439896,1071.7026660089396
1214,48259.0,0.14099936187267303,-0.012575658038258553,0.16776368021965027,-0.1771053522825241,918.0,3284.026568835367,250.00813916334465
1215,48278.0,0.13523265719413757,0.011325695551931858,0.15163204073905945,-0.1580844223499298,921.0,1794.7129260706845,415.58782454458316
1216,47491.0,0.21213726699352264,-0.07603950053453445,0.14448709785938263,-0.21374450623989105,922.0,2481.4637888207667,45.32247340303268
1217,47692.0,0.11817163974046707,-0.0006909894873388112,0.13920380175113678,-0.14414379000663757,921.0,3918.8128233043485,558.1716196447269
1218,47599.0,0.1451944261789322,-0.030615555122494698,0.15744256973266602,-0.17805375158786774,920.0,4708.6471524358,203.22325111452602
1219,47950.0,0.14996686577796936,-0.02198377437889576,0.15319344401359558,-0.17461273074150085,916.0,3768.501064576027,701.8670171513004
1220,47864.0,0.077020063996315,0.0290509145706892,0.1531861573457718,-0.10816895216703415,912.0,3349.065769687896,794.9158096595614
1221,47795.0,0.11637882143259048,-0.004162859171628952,0.14741027355194092,-0.1384391039609909,909.0,3832.4199919691,1042.3640767794068
1222,47538.0,0.24194133281707764,-0.10059057921171188,0.1547173261642456,-0.24573130905628204,907.0,3915.4250424790107,584.7129407112977
1223,47750.0,0.2025400847196579,-0.07022501528263092,0.13134625554084778,-0.20613327622413635,904.0,1958.0954565607383,0.0
1224,47204.0,0.16979731619358063,-0.05064515024423599,0.14812049269676208,-0.1966279298067093,911.0,5003.68397767412,314.1998660336117
1225,47370.0,0.11674249917268753,-0.011065672151744366,0.1913672387599945,-0.14989227056503296,911.0,4908.822700975095,408.42150599425844
1226,47436.0,0.1462666243314743,-0.02437538094818592,0.14366573095321655,-0.16529308259487152,914.0,3969.7967217385126,370.25341028352176
1227,47268.0,0.20270554721355438,0.005909275263547897,0.17451496422290802,-0.23348429799079895,922.0,1585.6618689527572,670.9018258833045
1228,47119.0,0.2786848843097687,-0.13058599829673767,0.14513131976127625,-0.27381613850593567,923.0,1363.5366679922795,1123.8121361037063
1229,47117.0,0.19636721909046173,-0.04073921591043472,0.13212579488754272,-0.19707626104354858,920.0,943.7642287352949,295.22686190192593
1230,47338.0,0.2255791276693344,-0.09931705892086029,0.12173283845186234,-0.21622055768966675,918.0,1578.5737256054563,839.8299886625459
1231,47120.0,0.22893886268138885,-0.06318910419940948,0.13996359705924988,-0.22752095758914948,921.0,3564.5577119701165,0.0
1232,46949.0,0.3336668014526367,-0.1684352159500122,0.15711398422718048,-0.31700947880744934,916.0,621.3751933996134,338.44572916139515
1233,46695.0,0.2952426075935364,-0.15074071288108826,0.1258392482995987,-0.27513906359672546,914.0,1978.6731243332738,241.1609760258832
1234,46921.0,0.2960736155509949,-0.12454822659492493,0.153580442070961,-0.2986607551574707,923.0,511.99832791886314,343.25236769822027
1235,46966.0,0.25131598114967346,-0.08886271715164185,0.1442568153142929,-0.25277620553970337,906.0,2490.3101109955433,903.0267089465902
1236,47835.0,0.12202347069978714,0.021365398541092873,0.14742445945739746,-0.15024332702159882,904.0,3119.9285259712005,689.2393481165152
1237,48133.0,0.15828481316566467,0.060566216707229614,0.20164813101291656,-0.19816552102565765,902.0,165.17639842312607,345.9828879073441
1238,47885.0,0.15915736556053162,-0.03248639404773712,0.1483963131904602,-0.16782477498054504,900.0,2431.6603469531046,670.5133617024189
1239,47758.0,0.14345307648181915,-0.005912334192544222,0.1422436535358429,-0.1518169790506363,901.0,3003.042376238338,630.8695460516265
1240,47726.0,0.07077785581350327,0.027696842327713966,0.15742747485637665,-0.09923895448446274,899.0,3864.3948780042133,890.8528321394705
1241,47662.0,0.15989118814468384,-0.034471139311790466,0.14492003619670868,-0.17805065214633942,905.0,2671.3753208634785,514.5848592426491
1242,47468.0,0.1798175424337387,-0.028400791808962822,0.1517152339220047,-0.19733957946300507,909.0,2517.959189808022,328.86837718620234
1243,47392.0,0.18326924741268158,-0.03284857049584389,0.1356067806482315,-0.19402751326560974,909.0,2883.3594590815464,577.7923285601306
1244,47666.0,0.13557305932044983,-0.000753283326048404,0.1473075896501541,-0.16960765421390533,913.0,1642.7427495469094,621.073006494546
1245,47927.0,0.21239595115184784,-0.07654744386672974,0.1493760049343109,-0.21601073443889618,913.0,2495.167891844877,719.3307692023793
1246,47972.0,0.12610961496829987,0.009138917550444603,0.16602788865566254,-0.15029369294643402,915.0,3141.2471731901164,233.6893223365148
1247,48078.0,0.15115168690681458,-0.01556918490678072,0.14439454674720764,-0.16964875161647797,913.0,2897.114451851526,769.6698483250021
1248,48197.0,0.17867763340473175,-0.02232128567993641,0.1581982523202896,-0.19704708456993103,915.0,1691.5708658178646,273.7302153625197
1249,48057.0,0.18530301749706268,-0.06773381680250168,0.13437820971012115,-0.19066178798675537,919.0,3433.6999116339666,321.29283239580377
1250,47759.0,0.15366393327713013,-0.030776171013712883,0.13628113269805908,-0.1700669527053833,919.0,3604.564759507589,209.62592318256478
1251,47641.0,0.12153405696153641,-0.014137284830212593,0.14543946087360382,-0.14800246059894562,918.0,4094.505841010334,540.9360050899548
1252,47568.0,0.1071937158703804,0.0033607040531933308,0.13931217789649963,-0.13327817618846893,916.0,4935.21065334531,548.1736548106343
1253,47988.0,0.10581910610198975,0.011807693168520927,0.14638198912143707,-0.13433530926704407,912.0,4387.826768966929,871.3887105958754
1254,47927.0,0.06493029743432999,0.02639433927834034,0.15582813322544098,-0.09600936621427536,908.0,4450.226553389874,527.0980899762731
1255,47833.0,0.10079926997423172,0.013108741492033005,0.1464492231607437,-0.12596380710601807,908.0,2988.379709379581,878.7125589449555
1256,47691.0,0.15363439917564392,-0.02491902932524681,0.15076887607574463,-0.1699109673500061,905.0,2546.997019355098,603.9906226306427
1257,47825.0,0.15638628602027893,-0.028646646067500114,0.1358078569173813,-0.16427507996559143,905.0,1516.7506462506626,198.02780847989683
1258,46962.0,0.20910818874835968,-0.09106806665658951,0.14432595670223236,-0.2155408263206482,914.0,4357.478664919285,315.7707482121721
1259,47033.0,0.07617537677288055,0.0016946443356573582,0.17865154147148132,-0.09762699902057648,914.0,2633.3432202961726,303.6379313313613
1260,47294.0,0.19140373170375824,-0.05781613290309906,0.14002740383148193,-0.20791469514369965,915.0,4248.539164734342,335.8443189583146
1261,47338.0,0.1529393345117569,-0.05395502597093582,0.13102486729621887,-0.16244056820869446,924.0,2555.272369912411,706.0987748939814
1262,47289.0,0.18396790325641632,-0.037978965789079666,0.1397724151611328,-0.1922464370727539,916.0,784.8999879109508,1364.6958295865559
1263,47223.0,0.1639074683189392,-0.03435153514146805,0.14019614458084106,-0.17859770357608795,921.0,1362.5700884935216,697.1297522567775
1264,47341.0,0.21474197506904602,-0.07835590094327927,0.13754577934741974,-0.21038420498371124,919.0,2175.899881749072,759.1910418665814
1265,46988.0,0.30735063552856445,-0.14418284595012665,0.15725906193256378,-0.2967595160007477,917.0,1734.608293922366,54.19405312845447
1266,46768.0,0.2803448438644409,-0.12761422991752625,0.14018726348876953,-0.26579439640045166,917.0,963.0453845329293,164.75460168831276
1267,46380.0,0.23535269498825073,-0.08436177670955658,0.1255653202533722,-0.23589417338371277,914.0,0.0,0.0
1268,47018.0,0.24153070151805878,-0.1007460281252861,0.15140005946159363,-0.2461809664964676,909.0,120.95322306085403,797.7984220834649
1269,46957.0,0.27878788113594055,-0.11550240218639374,0.1475026160478592,-0.2703377306461334,900.0,2594.57425136325,337.9156477771246
1270,48233.0,0.13929201662540436,-0.010729248635470867,0.14251279830932617,-0.15104731917381287,896.0,2269.8152200968907,455.35214159787824
1271,48640.0,0.14024214446544647,-0.0006843640585429966,0.12535043060779572,-0.130498468875885,902.0,0.0,7.977250202415234
1272,47963.0,0.14893458783626556,-0.018358318135142326,0.1532895863056183,-0.1646401286125183,897.0,2877.122587609005,579.2186795314867
1273,47904.0,0.10860845446586609,0.0005215758574195206,0.14079146087169647,-0.12748096883296967,902.0,3698.0647001933576,847.7763919889038
1274,47560.0,0.09570808708667755,0.0028239937964826822,0.14921338856220245,-0.12170851230621338,903.0,4804.370794574469,682.8557740014576
1275,47452.0,0.17270247638225555,-0.009913098998367786,0.14889436960220337,-0.19330671429634094,903.0,818.6498598329638,124.66766233669846
1276,47252.0,0.1744336038827896,-0.009988285601139069,0.16401414573192596,-0.19674167037010193,904.0,1102.0032911165354,241.15441402151885
1277,47147.0,0.24451851844787598,-0.08446022123098373,0.1488519310951233,-0.24844881892204285,909.0,607.9883994893889,0.0
1278,47472.0,0.22493812441825867,-0.07170169055461884,0.13668522238731384,-0.22721636295318604,909.0,897.6803201924231,0.0
1279,47827.0,0.15562403202056885,-0.012178272008895874,0.15724696218967438,-0.17052505910396576,914.0,3206.0245056754966,260.1453040458609
1280,47758.0,0.16357259452342987,-0.009859061799943447,0.14605015516281128,-0.17639803886413574,915.0,2543.8708407143945,932.9189364374333
1281,47760.0,0.17640173435211182,-0.04097352549433708,0.15715135633945465,-0.1856384575366974,913.0,1837.9378477719074,423.84693834029906
1282,48081.0,0.13784697651863098,0.011754297651350498,0.16229148209095,-0.1634983867406845,912.0,1272.9159015535488,231.6532213378697
1283,48162.0,0.10124187171459198,0.06784695386886597,0.18681252002716064,-0.14590492844581604,915.0,3322.1978333225106,0.0
1284,47928.0,0.15487079322338104,-0.0059375944547355175,0.1746433824300766,-0.1844480186700821,913.0,3015.4243273085053,66.63864953107311
1285,47595.0,0.1738271415233612,-0.05036918818950653,0.13535532355308533,-0.1799524873495102,915.0,2273.7070992572085,614.255428775115
1286,47603.0,0.11788292229175568,-0.014169408939778805,0.14182408154010773,-0.1417762041091919,912.0,3892.0185800008403,1039.198136909816
1287,47734.0,0.26677802205085754,-0.11174146085977554,0.15286403894424438,-0.2648487985134125,910.0,3786.4971694750298,485.92519655110925
1288,47762.0,0.13775530457496643,-0.025491777807474136,0.13581891357898712,-0.1544625610113144,909.0,3471.855493172632,398.01618797828246
1289,47742.0,0.11082194745540619,-0.0021522208116948605,0.15641704201698303,-0.14693039655685425,907.0,4676.881678105462,279.124727207056
1290,47884.0,0.1932428777217865,0.00615384615957737,0.19171257317066193,-0.21803222596645355,909.0,1550.0870751764642,74.94326946771984
1291,47902.0,0.15022727847099304,-0.019643396139144897,0.14527098834514618,-0.17008322477340698,907.0,835.8570484064389,234.06479594012927
1292,47014.0,0.2594410181045532,-0.1279357224702835,0.13428598642349243,-0.2512855529785156,917.0,2448.5829592877953,829.9647964519031
1293,47154.0,0.2480059117078781,-0.11751868575811386,0.14514996111392975,-0.25151827931404114,916.0,3589.714413934556,1033.2862575340318
1294,47400.0,0.14946319162845612,-0.010448968969285488,0.14269641041755676,-0.16845962405204773,919.0,4843.48921875152,929.2488711624333
1295,47312.0,0.11294293403625488,-0.0010064411908388138,0.14896664023399353,-0.1375957876443863,921.0,2971.7188246059363,1289.1591862860155
1296,47248.0,0.20226159691810608,-0.056228891015052795,0.14793813228607178,-0.20235222578048706,925.0,2652.6934839818864,860.167226175408
1297,47412.0,0.11051951348781586,0.025887375697493553,0.14847499132156372,-0.14838556945323944,933.0,2749.0078279115323,1033.0569297236118
1298,47164.0,0.105303555727005,0.003287538420408964,0.14409750699996948,-0.12367353588342667,916.0,2849.0796839936324,1079.3248893798736
1299,46512.0,0.2995741665363312,-0.14299210906028748,0.13407951593399048,-0.2813374698162079,916.0,1220.1373847435402,571.1384344804359
1300,46450.0,0.2703910171985626,-0.12173154205083847,0.1258838176727295,-0.25780943036079407,913.0,513.506921056577,523.6687229308816
1301,46539.0,0.24717622995376587,-0.07753492146730423,0.13627488911151886,-0.2426578253507614,911.0,872.4389257162793,269.0085668862638
1302,46881.0,0.22276410460472107,-0.060042962431907654,0.1343412846326828,-0.2193591445684433,906.0,1273.1604543664173,450.9933272067392
1303,46899.0,0.2949378490447998,-0.14599959552288055,0.1393604427576065,-0.2742729187011719,902.0,387.1892783480805,430.87143639348636
1304,47925.0,0.1779058277606964,-0.029665138572454453,0.132974773645401,-0.1753370314836502,900.0,1676.0703125751243,314.32443301872746
1305,48080.0,0.18140815198421478,-0.03749454393982887,0.14310167729854584,-0.19230027496814728,898.0,244.17593265918586,224.3410517560361
1306,47591.0,0.1167435273528099,-0.006492391228675842,0.1430896371603012,-0.14784924685955048,908.0,3250.3465605540687,609.9091298114811
1307,47619.0,0.12100405991077423,0.004197271540760994,0.1537075787782669,-0.1505209356546402,906.0,3969.231474182891,606.3029314633735
1308,47142.0,0.18002627789974213,-0.06803791970014572,0.1370876580476761,-0.1808934509754181,906.0,1651.6053421702375,848.4587868500219
1309,47070.0,0.20737436413764954,-0.06948281079530716,0.12869508564472198,-0.202674001455307,903.0,1221.3048548242077,247.80113998342972
1310,46861.0,0.2506600320339203,-0.07697304338216782,0.1432994306087494,-0.2514151930809021,907.0,810.9343100768039,55.5803014131514
1311,47007.0,0.2164069414138794,-0.05223666876554489,0.15380451083183289,-0.23299306631088257,911.0,1514.6102886195958,136.42748691609972
1312,47282.0,0.3205653131008148,-0.15513482689857483,0.1579458862543106,-0.30993327498435974,911.0,1600.6240205639378,363.2505572278019
1313,47294.0,0.21688038110733032,-0.0668615773320198,0.12805572152137756,-0.21721865236759186,913.0,2583.148589070071,266.50069229613644
1314,46705.0,0.2766735255718231,-0.11012515425682068,0.13875094056129456,-0.2688945233821869,914.0,215.4349278927432,783.0730314580046
1315,46966.0,0.28241297602653503,-0.1101156696677208,0.16497837007045746,-0.2754961848258972,912.0,401.1639161757188,459.0218729634454
1316,47662.0,0.1168011724948883,0.010208725929260254,0.15560732781887054,-0.15169857442378998,914.0,3241.2370948319553,488.31095291767423
1317,47730.0,0.13730332255363464,-0.02997727319598198,0.12936994433403015,-0.14828070998191833,912.0,444.032983037279,309.4530097536707
1318,47873.0,0.13198205828666687,0.0009182154899463058,0.16524797677993774,-0.1546821892261505,913.0,3253.158644664365,606.2772366695791
1319,47921.0,0.21257734298706055,-0.06974814087152481,0.15939219295978546,-0.2231549769639969,911.0,3564.8705029127027,731.8834099915936
1320,47797.0,0.15007033944129944,-0.005892637651413679,0.15364307165145874,-0.17494894564151764,910.0,5056.514510993954,549.7230811532925
1321,47738.0,0.11228206008672714,0.001148185576312244,0.13792899250984192,-0.13349390029907227,906.0,5037.14879704285,387.4772114995652
1322,47578.0,0.18463587760925293,-0.04772517457604408,0.15994994342327118,-0.20229439437389374,906.0,3434.5296570269957,682.1856060645983
1323,47348.0,0.2730714976787567,-0.10879756510257721,0.14775006473064423,-0.26340997219085693,907.0,1190.4917495720335,202.54097453651843
1324,47434.0,0.23404738306999207,-0.08840092271566391,0.14269298315048218,-0.2334415763616562,909.0,1991.8926819230464,245.29711037005654
1325,47979.0,0.10949332267045975,0.025199279189109802,0.15933534502983093,-0.14384853839874268,909.0,1644.618727469034,147.07472535728263
1326,47369.0,0.1700322926044464,-0.02429627813398838,0.1689765751361847,-0.18837863206863403,918.0,5423.230886433695,173.01720664979484
1327,47544.0,0.1725536733865738,-0.039525020867586136,0.13954158127307892,-0.18939481675624847,917.0,5215.7022694115885,448.28060715058155
1328,47662.0,0.15428526699543,0.00823059119284153,0.1400119513273239,-0.16306188702583313,915.0,4429.80185441834,465.00531887147974
1329,47557.0,0.10826068371534348,-0.019969603046774864,0.1392139047384262,-0.12898556888103485,920.0,3045.3314623282618,1106.6164054062326
1330,47338.0,0.1081637293100357,-0.01010943204164505,0.1404048651456833,-0.13427479565143585,921.0,2532.1586873156816,468.0554103570813
1331,47390.0,0.1876673549413681,-0.05179714784026146,0.14005599915981293,-0.19673141837120056,919.0,3094.1437312442613,475.8972473447231
1332,47491.0,0.1632242649793625,-0.05113418027758598,0.13641978800296783,-0.17087794840335846,915.0,3080.9069874681854,853.6572400261421
1333,46550.0,0.3416760265827179,-0.18064835667610168,0.16086934506893158,-0.323577344417572,915.0,3283.4447417390606,139.0926505075637
1334,46599.0,0.2341538518667221,-0.06786544620990753,0.16166578233242035,-0.24149365723133087,913.0,677.3487025668288,331.7783600983132
1335,46663.0,0.23363296687602997,-0.10259509086608887,0.12395010143518448,-0.23382925987243652,913.0,1343.1759331293804,460.37310361310693
1336,47075.0,0.12303191423416138,0.05977213755249977,0.19781026244163513,-0.18809333443641663,907.0,1512.5898317035303,375.09868543074776
1337,47071.0,0.14894111454486847,-0.016331572085618973,0.1392228901386261,-0.16622047126293182,907.0,2364.326418652403,189.21764907666352
1338,46539.0,0.2902325987815857,-0.15363354980945587,0.13958820700645447,-0.27804332971572876,903.0,687.5210683150505,455.02500907038893
1339,46221.0,0.151162788271904,-0.10874129831790924,0.09899597615003586,-0.1314285695552826,902.0,665.4171460986049,716.0033222214514
1340,46301.0,0.23375801742076874,-0.13678453862667084,0.12222030013799667,-0.21747618913650513,905.0,2857.0709070741095,390.2332674780413
1341,46881.0,0.2761481702327728,-0.14888431131839752,0.16335034370422363,-0.27619245648384094,908.0,3554.168482636848,232.76970459619687
1342,47228.0,0.18083806335926056,-0.06681818515062332,0.15662340819835663,-0.19535797834396362,905.0,2183.7569076673603,255.66419792858755
1343,47267.0,0.11065204441547394,0.002227021148428321,0.14499926567077637,-0.13822703063488007,907.0,1976.756788931648,777.0410913006582
1344,46985.0,0.22796469926834106,-0.06576130539178848,0.135996475815773,-0.23362243175506592,908.0,1118.066001653822,422.74096921395005
1345,47017.0,0.21410800516605377,-0.04916374385356903,0.15714511275291443,-0.23044978082180023,909.0,2343.874022451956,192.56054401738618
1346,47205.0,0.21229638159275055,-0.055352240800857544,0.1461329311132431,-0.2289019078016281,908.0,775.9469605850669,85.88888710134972
1347,47107.0,0.32400447130203247,-0.16573825478553772,0.142057865858078,-0.30659615993499756,912.0,448.3793385188094,832.1678981814864
1348,46525.0,0.29809677600860596,-0.15493804216384888,0.13961149752140045,-0.28856760263442993,913.0,0.0,192.8730844096408
1349,46783.0,0.32505160570144653,-0.1626044660806656,0.15173432230949402,-0.3098238706588745,916.0,1610.0862862905283,423.0342896233583
1350,47596.0,0.1401081532239914,-0.013055868446826935,0.1441608965396881,-0.18915554881095886,914.0,3645.5079390280084,358.1207139728098
1351,47721.0,0.12260592728853226,-0.013891671784222126,0.1517779529094696,-0.14677444100379944,912.0,3151.5295883748413,812.0675722823678
1352,47852.0,0.10846122354269028,-0.015031005255877972,0.1524234414100647,-0.1300889253616333,908.0,4707.721871788109,553.9438672609826
1353,48128.0,0.0993935838341713,0.02322678081691265,0.15918830037117004,-0.12365835160017014,909.0,4774.3874316482115,757.5225720981758
1354,47847.0,0.09324855357408524,0.018041323870420456,0.15327414870262146,-0.11514689028263092,909.0,3521.656875814365,808.2659151042875
1355,47700.0,0.09483034163713455,-0.00430219667032361,0.16534662246704102,-0.12505020201206207,904.0,4560.383208215874,441.8133993317052
1356,47675.0,0.09852615743875504,0.020436326041817665,0.15515413880348206,-0.13056008517742157,903.0,4670.186178469009,519.4913161427094
1357,47485.0,0.12885865569114685,0.003957000561058521,0.15240220725536346,-0.15378151834011078,906.0,2636.158451436942,532.139192091281
1358,47495.0,0.274799644947052,-0.09315821528434753,0.1627562940120697,-0.27579939365386963,912.0,2996.745724966847,659.0505814312867
1359,47994.0,0.10615794360637665,0.007831402122974396,0.1678788810968399,-0.13989979028701782,913.0,2325.789435735284,0.0
1360,47159.0,0.15079571306705475,-0.017114754766225815,0.15155982971191406,-0.17117184400558472,915.0,4098.139654548564,59.017470359184244
1361,47366.0,0.1807415634393692,-0.05397661775350571,0.1495194137096405,-0.19654540717601776,916.0,3516.766228461162,366.82775623296635
1362,47558.0,0.14300839602947235,-0.004519473761320114,0.1463160216808319,-0.16976897418498993,912.0,3338.872636989411,276.1985955161019
1363,47702.0,0.10862357914447784,0.031637292355298996,0.176340252161026,-0.12608632445335388,916.0,4839.006458586842,1023.281791336135
1364,47674.0,0.1879376620054245,-0.046349115669727325,0.12240856140851974,-0.18996067345142365,919.0,3285.3229446330392,311.3388949140949
1365,47627.0,0.10003624856472015,0.003905609017238021,0.16122637689113617,-0.12816891074180603,914.0,4515.799851305971,596.8592298395324
1366,47695.0,0.1777835190296173,-0.04942214488983154,0.1509818136692047,-0.19254659116268158,912.0,2934.84495708578,1020.2470298531013
1367,46908.0,0.28879696130752563,-0.1281650960445404,0.15901906788349152,-0.28444474935531616,910.0,2993.134555727943,328.50959033017574
1368,46847.0,0.24274896085262299,-0.07276763767004013,0.16010363399982452,-0.25680020451545715,910.0,1668.3109444680633,403.92026134605806
1369,46867.0,0.2144097238779068,-0.08449612557888031,0.1282126009464264,-0.20669646561145782,908.0,1154.9989928023929,35.433262653879666
1370,46964.0,0.18668831884860992,-0.04560970142483711,0.1532541811466217,-0.199835866689682,905.0,1875.8982366153157,95.12595019944168
1371,46870.0,0.18619883060455322,-0.02929634600877762,0.13949233293533325,-0.19098132848739624,900.0,1574.31683292764,399.86110407488525
1372,46090.0,0.17631258070468903,-0.11028362810611725,0.1049734577536583,-0.15981130301952362,898.0,0.0,256.33005917163104
1373,45479.0,-0.03541846573352814,-0.07711513340473175,0.05184590071439743,0.07110349833965302,895.0,0.0,0.0
1374,45732.0,0.04197201877832413,-0.09732384234666824,0.06808693706989288,-0.010475794784724712,895.0,1375.0401789206448,1027.004762487251
1375,46823.0,0.11718457192182541,-0.033273521810770035,0.1758156269788742,-0.1411883383989334,902.0,3924.783709334287,309.6513223606824
1376,47444.0,0.14666569232940674,-0.03511027619242668,0.15261998772621155,-0.17397645115852356,905.0,4039.4667245038313,374.18966537391873
1377,47537.0,0.2110142558813095,-0.06930571794509888,0.1698307991027832,-0.23016375303268433,905.0,3917.852257445803,456.8739276598764
1378,47553.0,0.12214905023574829,0.023979807272553444,0.1521085947751999,-0.16389456391334534,902.0,2666.514839056238,582.476749070048
1379,47364.0,0.20818671584129333,-0.09173976629972458,0.1198740005493164,-0.2047269493341446,907.0,1253.284720954886,713.757161280165
1380,47187.0,0.238560289144516,-0.099028579890728,0.12770406901836395,-0.22921796143054962,907.0,1737.3996801758865,95.07230317036279
1381,47650.0,0.1833125501871109,-0.029930273070931435,0.1449718177318573,-0.20480166375637054,905.0,26.35541034079221,611.2517407701947
1382,47571.0,0.18369744718074799,-0.021806655451655388,0.15467101335525513,-0.21177266538143158,904.0,0.0,233.58956008480925
1383,46946.0,0.25131574273109436,-0.1048530787229538,0.12591423094272614,-0.24349193274974823,912.0,525.9110838952657,546.7827741008193
1384,46952.0,0.2057570070028305,-0.05519023910164833,0.14539556205272675,-0.22420009970664978,913.0,449.9716138141266,301.6283393991882
1385,46996.0,0.2647836208343506,-0.114201121032238,0.14024266600608826,-0.26254287362098694,909.0,2925.0827363161484,188.19600355101122
1386,47180.0,0.19031862914562225,-0.07095938920974731,0.15866051614284515,-0.20076912641525269,909.0,4615.0202811773615,531.9646178869231
1387,47974.0,0.07256970554590225,0.016956176608800888,0.14746208488941193,-0.10427496582269669,905.0,4622.7488110563845,467.86495321536756
1388,48196.0,0.08472400158643723,0.027815375477075577,0.1509745717048645,-0.10593578964471817,903.0,2181.917183687339,575.6122995870595
1389,47634.0,0.17169861495494843,-0.05827054753899574,0.13969765603542328,-0.17927980422973633,902.0,2778.836614407537,611.33340336113
1390,47746.0,0.11072704195976257,0.014818599447607994,0.1429007649421692,-0.13728420436382294,904.0,3943.1780957219175,705.1675283249032
1391,47777.0,0.19589152932167053,-0.07153315097093582,0.13305789232254028,-0.1980823129415512,905.0,3576.514608668107,409.9288153846444
1392,48005.0,0.09473762661218643,0.017257587984204292,0.1512281745672226,-0.1217997819185257,909.0,4973.944873273324,797.4876974234422
1393,47895.0,0.16634035110473633,-0.02344539575278759,0.14040687680244446,-0.18121379613876343,910.0,1380.4038812857984,198.20014517000152
1394,46902.0,0.21148133277893066,-0.07701641321182251,0.12442200630903244,-0.21342983841896057,917.0,2578.294657804692,941.5811711755838
1395,47371.0,0.16255944967269897,-0.04363013058900833,0.1599673181772232,-0.18093983829021454,915.0,4309.705108899802,145.34933017201936
1396,47484.0,0.13397863507270813,-0.030578458681702614,0.1640506535768509,-0.15552319586277008,914.0,4916.223312314797,214.2385277612168
1397,47674.0,0.1721956729888916,-8.994693052954972e-05,0.17904864251613617,-0.18011675775051117,916.0,4784.866283298612,1325.8475290530223
1398,48100.0,0.11026259511709213,-0.027194561436772346,0.15875840187072754,-0.1264527440071106,915.0,4514.799535037947,482.27763265170915
1399,47956.0,0.10047812014818192,0.009139678440988064,0.15560045838356018,-0.12526795268058777,916.0,5008.0185217229855,952.1233481722865
1400,47527.0,0.12698034942150116,-0.020478427410125732,0.12756632268428802,-0.14576789736747742,911.0,4153.165558240981,761.6587539108223
1401,47519.0,0.14083772897720337,0.007347467355430126,0.1515445113182068,-0.17071308195590973,907.0,4260.547231802143,540.8974535885446
1402,47400.0,0.1776351034641266,-0.07149314880371094,0.13543173670768738,-0.19522128999233246,911.0,3250.8009207064683,338.0107466700508
1403,46913.0,0.19610409438610077,-0.062076982110738754,0.13643582165241241,-0.2083851844072342,909.0,3064.0325226243635,182.47721936009108
1404,46648.0,0.14582546055316925,-0.037881121039390564,0.13830353319644928,-0.18273280560970306,905.0,2100.5183511240407,298.7676303970053
1405,46406.0,0.22100412845611572,-0.09699521958827972,0.12479721754789352,-0.21415594220161438,897.0,0.0,682.7601808440618
1406,45700.0,0.018655437976121902,-0.08835992962121964,0.06285079568624496,0.01668478548526764,896.0,0.0,161.53976010579942
1407,45505.0,0.23719869554042816,-0.15159136056900024,0.1028766930103302,-0.20499959588050842,895.0,0.0,0.0
1408,45276.0,-0.03908811882138252,-0.07001274824142456,0.04586022347211838,0.0873047262430191,895.0,0.0,177.18315203268816
1409,46163.0,0.13442371785640717,-0.08268292993307114,0.10023366659879684,-0.12308665364980698,898.0,2552.323692560757,1166.1385835619747
1410,47448.0,0.12063588947057724,-0.008867736905813217,0.14492355287075043,-0.1338309943675995,904.0,3503.8335562464376,222.53555464429408
1411,47685.0,0.10454884171485901,-0.004373622592538595,0.15031658113002777,-0.12148400396108627,904.0,4443.313359430382,558.5551191786285
1412,47763.0,0.144304558634758,-0.033473506569862366,0.14800234138965607,-0.15955157577991486,903.0,3494.9711229975214,571.4968104019282
1413,47819.0,0.10906890779733658,0.028168080374598503,0.14715977013111115,-0.14193372428417206,906.0,5736.418837504235,377.00230082225977
1414,47858.0,0.1708488017320633,-0.06101084128022194,0.14551541209220886,-0.1768520325422287,907.0,2090.3007186861532,1267.012818011052
1415,47400.0,0.212992325425148,-0.07692307978868484,0.12346242368221283,-0.20785191655158997,906.0,159.09383731133784,208.55978578806804
1416,47510.0,0.24110019207000732,-0.10224734991788864,0.12730620801448822,-0.23358719050884247,908.0,160.18394364624214,390.9677170390126
1417,47132.0,0.262726753950119,-0.096684031188488,0.15244533121585846,-0.2605140209197998,909.0,638.7437459343079,263.434188862256
1418,47128.0,0.23194581270217896,-0.08131952583789825,0.15573185682296753,-0.23771540820598602,908.0,1604.9434047117352,143.53172547724233
1419,46984.0,0.3122359812259674,-0.15442542731761932,0.1448347270488739,-0.2955293655395508,907.0,1099.5081578266077,276.8623777173292
1420,47073.0,0.26018065214157104,-0.09896198660135269,0.13619741797447205,-0.2596985101699829,912.0,1503.4439172623815,137.746164368136
1421,47641.0,0.10515911132097244,-0.0018623282667249441,0.13760580122470856,-0.12824977934360504,907.0,4518.745223424773,775.7750312754621
1422,47879.0,0.16152943670749664,-0.030361995100975037,0.14332778751850128,-0.17369204759597778,901.0,38.378989770353115,828.1075445620341
1423,48044.0,0.1074167788028717,-0.0022168115247040987,0.12787564098834991,-0.12279130518436432,903.0,2869.363552274901,546.0014680552339
1424,47864.0,0.11338455229997635,0.004074866883456707,0.14051242172718048,-0.13191255927085876,906.0,3548.690825604817,459.0855588053096
1425,47852.0,0.13396809995174408,-0.012596220709383488,0.13364891707897186,-0.1591300517320633,905.0,4403.928349494454,368.87384297837514
1426,48069.0,0.15774066746234894,-0.0002594033721834421,0.14904704689979553,-0.1796107292175293,910.0,4289.858149829126,657.7413996625205
1427,48115.0,0.1158442348241806,0.01817699335515499,0.15091419219970703,-0.1389872282743454,913.0,2316.182933442516,252.2825573777909
1428,46651.0,0.2546476423740387,-0.09176100045442581,0.13041427731513977,-0.2459796965122223,916.0,591.4842641951512,578.3644243986967
1429,47173.0,0.12755082547664642,-0.04055289551615715,0.1269741952419281,-0.14074964821338654,913.0,3768.06590972888,681.2789890670339
1430,47383.0,0.10971145331859589,0.016639340668916702,0.1318131536245346,-0.14519011974334717,915.0,2792.5843915620817,688.870007853359
1431,47367.0,0.26675838232040405,-0.12657195329666138,0.13583488762378693,-0.2532042860984802,921.0,4269.166467759992,561.6673206675339
1432,47462.0,0.1715821623802185,-0.05002174898982048,0.1474420130252838,-0.18172918260097504,917.0,2426.031098358873,115.90325385993111
1433,47368.0,0.12288664281368256,0.0036915228702127934,0.14756958186626434,-0.1378200203180313,911.0,3740.9816007367176,962.0693101630849
1434,47198.0,0.17291291058063507,-0.0555555559694767,0.13038158416748047,-0.19402629137039185,908.0,3885.8251448987244,304.78962197714134
1435,47340.0,0.08942075073719025,0.013167520053684711,0.15577778220176697,-0.11836303770542145,906.0,4713.302442500345,357.6446591919248
1436,47285.0,0.11101401597261429,-0.003057098714634776,0.15795426070690155,-0.1392197161912918,903.0,4378.593365298585,329.57392879807423
1437,46591.0,0.21982942521572113,-0.07842732220888138,0.13280615210533142,-0.21260452270507812,901.0,3043.293900314748,578.1651599292186
1438,46361.0,0.23256520926952362,-0.10225456207990646,0.13620594143867493,-0.23430182039737701,900.0,1093.66366566842,611.7642420960989
1439,46081.0,0.25352615118026733,-0.11950890719890594,0.12288420647382736,-0.24012421071529388,895.0,0.0,266.7995823510516
1440,45467.0,-0.035480041056871414,-0.07240884006023407,0.04862449690699577,0.07886559516191483,895.0,0.0,0.0
1441,45273.0,0.04333366081118584,-0.10026820749044418,0.0610334612429142,0.006705159321427345,895.0,0.0,0.0
1442,45175.0,-0.035895854234695435,-0.06919528543949127,0.048557452857494354,0.08646780997514725,895.0,0.0,0.0
1443,45561.0,-0.02413356862962246,-0.06604764610528946,0.051856573671102524,0.06268830597400665,895.0,0.0,217.82676259041287
1444,47051.0,0.10881584882736206,-0.01600816287100315,0.1384154111146927,-0.12826724350452423,899.0,2176.4673242425647,1180.9201939059208
1445,47372.0,0.12619324028491974,0.005881964229047298,0.14786338806152344,-0.15649867057800293,902.0,2162.0063754284765,428.1147241046226
1446,47640.0,0.21538177132606506,-0.08274590224027634,0.14953193068504333,-0.21340765058994293,903.0,2898.371152419046,218.96525453690646
1447,47699.0,0.155021071434021,-0.04225548729300499,0.13719138503074646,-0.16679687798023224,902.0,3570.763225661113,999.421843448223
1448,47854.0,0.125,-0.03835182264447212,0.1761205792427063,-0.14927205443382263,904.0,4773.496806167141,504.744719237308
1449,47414.0,0.12228929251432419,-0.025641025975346565,0.14750707149505615,-0.1395278424024582,905.0,2827.6515113677465,971.4264600082654
1450,47489.0,0.11798252165317535,0.0031697815284132957,0.15201281011104584,-0.14429746568202972,904.0,4184.689173488741,357.08588016540534
1451,47178.0,0.2344183772802353,-0.08236930519342422,0.15864570438861847,-0.237228125333786,904.0,958.3370886461781,154.6344836018922
1452,46865.0,0.3391777276992798,-0.16031622886657715,0.15634271502494812,-0.3178633153438568,906.0,34.969790091053156,234.48590263500284
1453,47119.0,0.26018425822257996,-0.107393778860569,0.13742367923259735,-0.26018425822257996,906.0,354.6681277451481,363.6079435517836
1454,47310.0,0.20765334367752075,-0.06376801431179047,0.12366831302642822,-0.21130508184432983,904.0,0.0,814.0603752206584
1455,47552.0,0.20328451693058014,-0.04725727438926697,0.14970380067825317,-0.21674084663391113,905.0,1209.6347703411238,608.6169528032136
1456,48015.0,0.12328863143920898,0.048968005925416946,0.17954228818416595,-0.16301439702510834,902.0,2392.529604529163,349.40361828001755
1457,48132.0,0.1370835155248642,-0.02497379668056965,0.1263543963432312,-0.1483176052570343,903.0,2907.8203824737225,372.13780033800134
1458,47913.0,0.06554476171731949,0.051711391657590866,0.16507209837436676,-0.11058416217565536,904.0,4733.05993060905,667.8493433249304
1459,47772.0,0.12290382385253906,0.018540557473897934,0.16538198292255402,-0.15510505437850952,906.0,2365.661664971456,344.1837049883774
1460,47960.0,0.11188118904829025,0.00813828781247139,0.1710060089826584,-0.1422966569662094,909.0,3543.1872301013086,750.3790748800765
1461,48068.0,0.13534288108348846,-0.004232627805322409,0.14717283844947815,-0.16191725432872772,910.0,1582.5578201286805,200.0664017935085
1462,46343.0,0.2746029198169708,-0.12249305844306946,0.13050557672977448,-0.2589687407016754,913.0,227.84746474566816,224.50512495146074
1463,47025.0,0.2305169403553009,-0.10815752297639847,0.12844641506671906,-0.22883768379688263,912.0,2070.0988336452333,1034.0292654677248
1464,47289.0,0.07910537719726562,0.0019381289603188634,0.12386903166770935,-0.10620895028114319,915.0,1408.9958451705825,1444.452063867283
1465,47363.0,0.12788845598697662,0.025468943640589714,0.14165787398815155,-0.1465003341436386,921.0,2858.0671784627425,805.8183341519592
1466,47507.0,0.12292134761810303,-0.008204990066587925,0.14735111594200134,-0.14234550297260284,915.0,4243.1671991279345,318.1203437011885
1467,47654.0,0.11361685395240784,-0.00035048366407863796,0.13836418092250824,-0.1233469769358635,905.0,3349.0534500028343,995.4530918325888
1468,47426.0,0.13342423737049103,-0.023228690028190613,0.15987920761108398,-0.17021119594573975,906.0,4686.923362979183,345.47749694411885
1469,47217.0,0.14048659801483154,-0.007128712721168995,0.14784441888332367,-0.17355689406394958,903.0,3449.222497416447,266.6144349682011
1470,47092.0,0.19121995568275452,-0.07235001027584076,0.14078016579151154,-0.20183591544628143,900.0,1191.9948328777245,377.619872450759
1471,46360.0,0.2598993182182312,-0.12381558120250702,0.12344691157341003,-0.2388821691274643,897.0,30.682741779485777,318.5628625944504
1472,45442.0,-0.019166072830557823,-0.08107197284698486,0.051215436309576035,0.05755008012056351,895.0,0.0,111.44497564896459
1473,45271.0,-0.02789544314146042,-0.07845722138881683,0.0484866127371788,0.06901498883962631,895.0,0.0,0.0
1474,45634.0,0.2295636534690857,-0.15067724883556366,0.09866627305746078,-0.19318512082099915,895.0,0.0,0.0
1475,45103.0,-0.03906821087002754,-0.07008666545152664,0.045354362577199936,0.09284552186727524,895.0,0.0,0.0
1476,45059.0,-0.041962359100580215,-0.06694920361042023,0.04840235412120819,0.08334973454475403,895.0,0.0,0.0
1477,45105.0,-0.025298377498984337,-0.06712084263563156,0.05063334479928017,0.06716781854629517,895.0,0.0,0.0
1478,45621.0,-0.017259705811738968,-0.06722366064786911,0.0528123639523983,0.061484917998313904,895.0,0.0,128.27337343799294
1479,46258.0,0.06743542104959488,-0.07497213035821915,0.07770808786153793,-0.04653371497988701,895.0,0.0,1003.4255636414769
1480,47302.0,0.24017664790153503,-0.09970880299806595,0.1429496556520462,-0.23263928294181824,899.0,2267.3686974629027,757.6743389954296
1481,47502.0,0.1978030651807785,-0.06395164132118225,0.12672531604766846,-0.1996651589870453,903.0,2491.4905085031905,1337.7320167020791
1482,47697.0,0.11932852864265442,-0.0010268030455335975,0.13315878808498383,-0.13743160665035248,903.0,4055.6718716578653,1013.3747906029369
1483,47895.0,0.15992407500743866,-0.05233657360076904,0.14700396358966827,-0.1787443310022354,901.0,4374.344783680728,1074.8987818762623
1484,47201.0,0.21825720369815826,-0.08780791610479355,0.1354660540819168,-0.21901291608810425,896.0,2393.919133656658,1008.7208968230937
1485,47052.0,0.23970520496368408,-0.10541291534900665,0.14139671623706818,-0.2329605519771576,899.0,2318.672778006197,1051.391110914446
1486,46848.0,0.2758793532848358,-0.13165897130966187,0.13222284615039825,-0.26515644788742065,901.0,245.47910528778607,699.8435092066048
1487,47447.0,0.18004962801933289,-0.012589484453201294,0.1647474616765976,-0.19998537003993988,897.0,0.0,566.4351822276182
1488,47831.0,0.14211972057819366,0.048149578273296356,0.1972292959690094,-0.196395143866539,903.0,736.1418248144489,146.96579953076696
1489,48079.0,0.18004503846168518,-0.05848352983593941,0.1729103922843933,-0.19085410237312317,902.0,1566.4928201900527,55.64328654028594
1490,47627.0,0.1792331486940384,-0.04851561784744263,0.14325222373008728,-0.19148772954940796,908.0,2594.0978108625477,267.8754743846029
1491,47674.0,0.20297420024871826,-0.07108466327190399,0.1439601480960846,-0.20769086480140686,906.0,3237.734215074971,273.39067646438
1492,47827.0,0.23522919416427612,-0.10182784497737885,0.14784032106399536,-0.24208346009254456,907.0,3408.5139246980043,577.5053525028808
1493,47381.0,0.2825644016265869,-0.1160714253783226,0.15143470466136932,-0.28177157044410706,907.0,953.3328579103551,256.78170633035575
1494,47456.0,0.2697882354259491,-0.12063603848218918,0.15203818678855896,-0.27362820506095886,908.0,2724.6385883709163,680.0132174881575
1495,47761.0,0.18216662108898163,-0.027757693082094193,0.15790872275829315,-0.20397716760635376,911.0,1785.3652318237746,0.0
1496,46676.0,0.1977715939283371,-0.05502486228942871,0.15030737221240997,-0.20201267302036285,912.0,408.49079491776854,283.38603337369875
1497,46909.0,0.2055765837430954,-0.06099698692560196,0.1279572993516922,-0.2057206630706787,912.0,1431.436192700366,278.6553187595798
1498,47179.0,0.28788650035858154,-0.1337624490261078,0.14979925751686096,-0.2842426002025604,915.0,798.4591720001279,302.13410979941193
1499,47529.0,0.15390323102474213,-0.017177872359752655,0.13396255671977997,-0.1742171347141266,914.0,1118.5794012859783,416.39441731982777
1500,47239.0,0.17140009999275208,-0.052568741142749786,0.1148480698466301,-0.17071956396102905,910.0,1250.074592267827,412.0651424814653
1501,47118.0,0.23517203330993652,-0.09944221377372742,0.1235627681016922,-0.23035942018032074,905.0,1707.3285243373148,484.06939020766174
1502,47231.0,0.15242783725261688,-0.043829821050167084,0.11418986320495605,-0.15851715207099915,901.0,1420.4718279805288,68.97060823808918
1503,47453.0,0.12573657929897308,-0.00974965188652277,0.12842756509780884,-0.14077062904834747,898.0,2.9092214916299777,144.74055590342292
1504,47378.0,0.18250702321529388,-0.058604780584573746,0.13823388516902924,-0.18982933461666107,899.0,0.0,196.81511816787318
1505,46855.0,0.21459174156188965,-0.10803323984146118,0.11121950298547745,-0.19569222629070282,897.0,0.0,0.0
1506,46657.0,0.10056103020906448,-0.042809393256902695,0.10494229942560196,-0.09738938510417938,895.0,0.0,0.0
1507,45949.0,0.01057556364685297,-0.051681291311979294,0.06563198566436768,0.020500708371400833,895.0,0.0,0.0
1508,45169.0,-0.03737933933734894,-0.07877323031425476,0.05052865296602249,0.07577027380466461,895.0,0.0,0.0
1509,45020.0,-0.037383176386356354,-0.07636655867099762,0.050154075026512146,0.07664269208908081,895.0,0.0,0.0
1510,45028.0,-0.03060748800635338,-0.07438870519399643,0.047424424439668655,0.07253988832235336,895.0,0.0,0.0
1511,45060.0,-0.03732077404856682,-0.07471828907728195,0.04762173816561699,0.08456388860940933,895.0,0.0,0.0
1512,45646.0,0.22689427435398102,-0.1492396891117096,0.1032276451587677,-0.19714227318763733,895.0,0.0,0.0
1513,45698.0,0.15944872796535492,-0.13070331513881683,0.08493692427873611,-0.1324765831232071,895.0,0.0,0.0
1514,46648.0,0.1154961809515953,-0.04605011269450188,0.11549940705299377,-0.1261703372001648,900.0,0.0,393.1241583478883
1515,47376.0,0.2612053155899048,-0.10281363874673843,0.14111395180225372,-0.25640153884887695,900.0,352.22853645971725,222.21526652799912
1516,47984.0,0.1634443998336792,0.05379584804177284,0.17950186133384705,-0.19593186676502228,897.0,208.98237579071048,22.262223937988253
1517,47914.0,0.16699041426181793,0.05543439835309982,0.21976429224014282,-0.21781207621097565,898.0,0.0,173.48304791150846
1518,47525.0,0.3370887339115143,-0.15696988999843597,0.15554507076740265,-0.3176112771034241,896.0,0.0,103.75337828831066
1519,47426.0,0.34667152166366577,-0.09922798722982407,0.1909269094467163,-0.32878679037094116,895.0,0.0,0.0
1520,47385.0,0.2342265099287033,-0.08245661854743958,0.13178430497646332,-0.23326587677001953,899.0,0.0,0.0
1521,47767.0,0.14706642925739288,-0.029595997184515,0.15458276867866516,-0.16627247631549835,899.0,1132.397762126148,164.3336331516291
1522,48111.0,0.07653454691171646,0.05739995837211609,0.17558220028877258,-0.13183611631393433,903.0,2476.1825142858597,70.46317097030212
1523,48100.0,0.0853504166007042,0.01819039322435856,0.15182052552700043,-0.10762331634759903,904.0,1576.495464105087,99.89367906457203
1524,47492.0,0.2691086232662201,-0.12522508203983307,0.14752379059791565,-0.26318496465682983,908.0,1441.1414243931936,88.06798728686857
1525,47421.0,0.2545461356639862,-0.11743772029876709,0.14372318983078003,-0.25459298491477966,909.0,1784.5567324117121,291.393012925652
1526,47659.0,0.07966399937868118,0.030317917466163635,0.1371656209230423,-0.10988834500312805,908.0,1763.648208966706,42.820720665860804
1527,47324.0,0.25493723154067993,-0.10423055291175842,0.14355923235416412,-0.2506255507469177,908.0,1197.2511593005565,0.0
1528,47321.0,0.31913959980010986,-0.15101024508476257,0.1499072164297104,-0.30567020177841187,907.0,502.85142218463886,51.21804061673083
1529,47730.0,0.1403939127922058,-0.008460656739771366,0.16740497946739197,-0.17834509909152985,909.0,23.190900147427342,41.09947584749147
